mode,pressure,temperature,humidity,accel_x,accel_y,accel_z,mag_x,mag_y,mag_z
position_1,965.66,31.09,47.40,15.81,-25.68,1027.56,611.31,287.43,599.16
position_1,965.57,31.18,46.80,11.34,-12.08,1030.30,603.83,303.66,586.10
position_1,965.60,31.21,47.19,10.23,-27.45,1015.99,612.72,295.84,582.64
position_1,965.69,31.24,46.89,-1.83,-17.74,1020.51,606.06,304.97,589.27
position_1,965.76,31.22,45.69,0.41,-31.36,1025.71,611.32,304.64,588.50
position_1,965.69,31.21,46.58,-11.36,-26.96,1032.85,615.64,305.81,599.93
position_1,965.67,31.25,45.77,0.45,-26.24,1030.90,615.67,301.65,586.60
position_1,965.66,31.10,46.84,-6.93,-18.99,1012.78,616.43,310.78,589.34
position_1,965.71,31.00,46.98,2.26,-28.11,1021.49,613.36,309.62,577.07
position_1,965.56,30.95,46.24,-4.81,-16.65,1034.50,602.77,303.56,583.89
position_1,965.71,31.11,46.82,0.34,-28.50,1032.58,618.35,303.67,596.01
position_1,965.64,31.01,47.28,6.31,-23.38,1016.61,616.92,311.78,593.04
position_1,965.65,30.90,48.07,13.15,-17.79,1026.80,618.88,299.83,586.49
position_1,965.71,30.99,47.25,2.72,-30.09,1019.20,611.56,312.36,584.66
position_1,965.79,31.05,47.41,-13.07,-32.73,1043.52,617.33,311.01,584.90
position_1,965.79,31.12,47.51,-1.05,-30.26,1019.86,613.40,306.68,591.61
position_1,965.81,31.22,47.06,-13.55,-39.08,1029.02,616.78,303.07,598.19
position_1,965.87,31.26,48.24,8.56,-27.64,1024.82,620.56,311.42,588.46
position_1,965.81,31.30,47.87,4.18,-39.01,1019.42,612.13,321.19,581.82
position_1,965.86,31.25,47.51,4.60,-22.33,1029.62,609.32,299.71,588.93
position_1,965.83,31.41,48.02,12.45,-36.36,1033.36,615.98,299.97,597.12
position_1,965.77,31.56,47.04,13.24,-30.00,1043.77,621.57,304.06,593.74
position_1,965.77,31.40,47.83,7.60,-22.40,1031.55,612.42,308.78,589.53
position_1,965.77,31.39,47.77,-9.85,-37.89,1022.31,625.88,304.74,582.45
position_1,965.75,31.46,46.46,13.94,-23.36,1021.87,609.62,299.39,602.18
position_1,965.71,31.43,46.44,7.63,-24.62,1023.73,606.88,316.56,582.35
position_1,965.78,31.35,47.03,5.95,-8.98,1017.89,606.32,314.53,590.73
position_1,965.71,31.32,45.60,2.96,-33.45,1022.96,618.82,316.34,582.92
position_1,965.66,31.36,46.00,-1.76,-18.16,1020.91,621.76,304.68,583.68
position_1,965.61,31.32,47.16,-4.45,-39.72,1035.29,622.51,312.53,584.08
position_1,965.77,31.32,46.69,-2.59,-37.06,1033.04,615.81,302.08,599.26
position_1,965.69,31.30,46.95,2.99,-28.46,1025.78,616.54,308.10,592.61
position_1,965.59,31.20,46.68,-6.22,-23.19,1029.92,611.85,309.48,588.27
position_1,965.73,31.21,46.51,11.29,-15.21,1016.10,624.82,322.93,583.35
position_1,965.68,31.18,46.94,-0.63,-31.53,1008.88,611.31,314.05,585.01
position_1,965.76,31.13,46.79,18.21,-30.29,1027.93,618.41,311.73,588.18
position_1,965.77,31.16,47.12,5.13,-27.84,1032.37,612.45,300.20,589.32
position_1,965.74,31.18,47.21,4.91,-30.51,1021.41,608.35,302.21,589.88
position_1,965.67,31.10,47.72,-0.11,-29.70,1014.10,611.01,311.47,590.68
position_1,965.66,31.18,47.35,12.91,-32.55,1015.07,612.97,302.34,592.09
position_1,965.76,31.18,47.50,-0.42,-20.98,1021.85,605.12,304.67,584.89
position_1,965.64,31.16,47.64,4.13,-12.85,1035.42,621.43,307.59,585.88
position_1,965.76,31.45,47.24,17.00,-29.11,1017.86,619.13,300.61,588.93
position_1,965.79,31.22,47.77,-5.74,-17.93,1017.64,625.20,291.91,584.39
position_1,965.54,31.19,46.40,-4.67,-27.59,1018.84,611.87,302.36,578.12
position_1,965.58,31.21,47.39,6.15,-32.27,1024.77,625.19,301.83,579.74
position_1,965.61,31.32,47.55,0.13,-32.62,1033.09,622.81,299.84,572.76
position_1,965.48,31.33,47.11,5.55,-35.00,1037.37,603.89,307.29,571.47
position_1,965.44,31.39,47.50,5.26,-37.63,1029.45,623.13,306.49,570.90
position_1,965.55,31.34,47.70,18.71,-33.48,1024.43,624.88,290.39,573.97
position_1,965.44,31.38,47.44,11.42,-22.55,1022.06,629.43,313.14,580.77
position_1,965.40,31.35,47.26,3.53,-28.53,1024.12,619.23,297.98,580.44
position_1,965.40,31.52,46.99,-9.55,-26.81,1024.23,609.70,307.67,580.48
position_1,965.42,31.53,46.45,-3.27,-34.46,1012.03,623.36,306.04,584.76
position_1,965.45,31.64,46.66,5.78,-32.50,1025.30,623.01,303.98,576.36
position_1,965.48,31.35,46.34,-1.85,-18.78,1028.33,622.18,300.35,576.71
position_1,965.53,31.50,46.94,3.86,-25.74,1035.34,625.15,311.41,573.13
position_1,965.48,31.43,46.70,-1.90,-19.19,1019.26,629.65,310.56,582.60
position_1,965.45,31.43,46.24,-2.36,-22.71,1028.99,616.06,308.04,583.73
position_1,965.53,31.55,46.67,17.61,-18.47,1015.23,608.17,304.02,586.77
position_1,965.68,31.70,46.79,13.93,-2.65,1016.44,618.22,318.76,573.65
position_1,965.68,31.66,47.22,2.06,-35.65,1025.20,615.69,316.95,581.20
position_1,965.69,31.57,47.79,2.45,-22.41,1027.54,615.12,316.77,581.58
position_1,965.81,31.84,46.67,2.15,-29.15,1018.98,618.37,305.14,572.23
position_1,965.68,31.82,47.75,13.29,-28.74,1039.53,619.47,317.78,588.94
position_1,965.52,31.80,47.65,-3.15,-30.01,1022.53,626.06,316.81,568.87
position_1,965.56,31.71,47.82,2.02,-23.95,1015.02,616.28,323.40,579.99
position_1,965.46,31.97,47.53,13.80,-24.94,1034.98,614.98,310.83,584.55
position_1,965.41,32.14,48.51,11.25,-37.15,1014.01,627.25,314.69,583.89
position_1,965.40,31.95,48.92,-12.06,-38.69,1025.01,618.48,312.40,595.19
position_1,965.46,32.14,49.21,8.10,-20.66,1029.21,621.77,322.90,585.68
position_1,965.53,32.19,49.43,20.49,-38.34,1034.95,611.75,324.59,584.51
position_1,965.46,32.09,49.17,-8.92,-25.96,1018.30,621.80,311.80,584.38
position_1,965.49,32.32,49.24,9.67,-36.91,1022.38,614.06,303.67,589.79
position_1,965.56,32.42,50.05,16.03,-24.02,1009.49,620.02,308.90,586.60
position_1,965.64,32.61,49.00,14.35,-31.33,1033.26,603.92,329.09,576.15
position_1,965.66,32.60,49.84,1.41,-27.47,1026.94,596.08,315.04,587.43
position_1,965.72,32.63,50.03,11.96,-22.04,1016.21,602.92,318.36,590.35
position_1,965.69,32.43,49.29,7.03,-27.07,1011.40,627.80,306.19,580.61
position_1,965.81,32.52,49.81,5.97,-29.72,1017.64,610.60,306.11,579.48
position_1,965.79,32.45,49.12,-0.35,-14.07,1013.46,617.94,317.36,577.13
position_1,965.94,32.47,49.81,20.52,-16.03,1016.03,608.22,309.82,579.42
position_1,965.88,32.63,49.88,19.91,-32.87,1027.62,613.50,308.27,583.05
position_1,965.81,32.56,49.57,16.61,-32.78,1023.56,616.55,318.39,583.70
position_1,965.82,32.39,50.48,14.33,-37.67,1031.30,613.02,313.10,575.72
position_1,965.74,32.38,49.85,9.01,-23.78,1031.47,619.56,316.41,591.67
position_1,965.87,32.56,49.72,23.44,-40.00,1038.56,616.94,313.18,593.87
position_1,965.94,32.53,50.06,22.71,-33.68,1005.32,622.83,317.99,591.64
position_1,965.90,32.49,50.27,-1.28,-32.68,1027.42,619.48,310.08,582.89
position_1,965.81,32.57,50.43,3.96,-32.75,1032.85,617.51,311.22,589.37
position_1,965.71,32.61,49.78,1.51,-29.77,1025.98,619.91,309.23,580.02
position_1,965.79,32.59,50.22,14.47,-23.43,1028.42,624.28,310.09,589.79
position_1,965.89,32.49,50.40,21.73,-13.61,1045.57,621.69,310.39,599.34
position_1,965.76,32.25,50.67,8.37,-42.86,1031.39,618.25,310.86,587.07
position_1,965.80,32.23,50.32,12.86,-22.76,1034.74,616.88,311.07,588.01
position_1,965.97,32.15,49.98,9.66,-36.07,1025.05,618.84,317.78,602.14
position_1,965.97,32.22,49.88,20.35,-38.52,1019.71,630.74,315.08,593.55
position_1,966.00,32.10,49.18,10.03,-40.19,1022.17,626.89,320.02,577.45
position_1,965.95,32.15,49.64,19.31,-12.86,1021.68,629.38,322.86,588.53
position_1,965.79,32.35,49.10,8.09,-20.78,1028.76,623.87,319.14,578.77
position_1,965.87,32.45,49.03,17.72,-22.14,1008.19,630.61,321.77,583.39
position_1,965.83,32.44,49.43,9.76,-32.76,1019.87,624.33,318.78,578.45
position_1,965.90,32.25,48.38,-2.03,-37.55,1016.33,614.56,312.63,589.36
position_1,965.71,32.21,48.72,-6.93,-26.40,1018.21,623.43,320.96,585.15
position_1,965.82,32.16,48.23,15.43,-30.12,1007.12,625.67,316.04,588.91
position_1,965.82,32.06,49.14,9.82,-37.42,1023.33,611.73,312.51,592.03
position_1,965.78,32.11,48.32,2.71,-33.07,1019.83,618.31,316.05,587.10
position_1,965.78,31.97,48.04,3.95,-36.65,1032.19,622.93,327.25,592.33
position_1,965.79,32.13,47.78,0.89,-35.27,1017.76,614.44,321.91,584.09
position_1,965.95,32.23,48.27,13.95,-25.71,1021.81,634.96,312.41,594.24
position_1,965.83,32.19,47.83,1.32,-40.61,1033.79,620.85,306.31,594.65
position_1,965.94,31.88,48.13,13.76,-36.10,1020.94,615.89,309.95,590.18
position_1,965.96,31.72,48.46,10.00,-35.87,1021.11,631.08,310.07,593.46
position_1,965.89,31.64,47.65,4.84,-32.29,1032.36,616.19,330.82,590.56
position_1,966.07,31.65,47.01,1.45,-28.78,1015.20,610.58,319.77,588.85
position_1,965.90,31.72,47.24,6.69,-40.03,1028.85,620.72,316.59,583.22
position_1,965.99,31.68,48.26,17.36,-33.49,1042.48,619.17,316.23,580.97
position_1,965.99,31.43,47.98,22.53,-18.14,1022.01,627.37,331.40,590.73
position_1,965.92,31.27,47.36,6.58,-19.36,1012.43,619.80,315.75,592.26
position_1,965.99,31.15,47.27,7.52,-21.29,1025.39,623.05,316.44,600.35
position_1,965.96,31.04,47.59,16.44,-43.58,1030.19,621.77,309.41,598.39
position_1,966.07,30.99,48.36,7.71,-26.67,1029.00,630.37,314.00,596.44
position_1,966.13,31.16,48.20,19.14,-27.76,1037.73,608.73,306.61,589.19
position_1,966.16,31.09,47.83,5.79,-31.37,1035.11,626.21,317.25,598.93
position_1,966.08,31.12,48.97,7.81,-33.76,1014.93,632.67,305.28,600.62
position_1,966.15,31.10,48.65,5.57,-33.46,1015.09,634.67,318.65,587.92
position_1,966.13,31.09,47.97,12.70,-27.76,1042.03,619.56,312.04,597.46
position_1,966.18,30.95,48.99,3.17,-16.77,1031.82,627.26,303.26,600.34
position_1,966.10,30.75,48.89,15.67,-25.42,1009.20,622.23,313.30,595.73
position_1,966.01,30.98,48.36,8.31,-28.45,1035.79,635.02,308.76,596.15
position_1,966.01,30.88,48.62,5.51,-35.12,1016.71,629.99,306.33,587.95
position_1,965.88,31.02,48.98,12.69,-35.21,1022.53,615.93,319.79,603.41
position_1,965.80,31.08,49.07,14.11,-49.47,1032.22,620.79,313.76,597.94
position_1,965.91,31.18,48.32,6.07,-35.32,1025.65,629.26,317.59,585.44
position_1,965.80,31.12,49.06,12.12,-29.67,1034.05,636.04,315.77,592.13
position_1,965.92,31.18,49.47,13.97,-15.24,1008.01,631.52,316.99,591.59
position_1,965.87,31.09,49.01,-0.19,-27.41,1015.36,629.83,317.13,586.68
position_1,965.85,31.13,49.30,3.54,-32.24,1027.35,628.89,309.03,608.90
position_1,965.87,31.24,49.46,-2.40,-44.10,1035.16,626.69,314.15,596.15
position_1,965.91,31.22,49.65,7.99,-33.83,1031.07,621.97,315.41,588.07
position_1,965.95,31.18,49.56,-9.79,-36.54,1028.82,627.15,317.56,598.29
position_1,965.93,31.16,49.06,9.79,-29.38,1021.01,625.64,297.95,599.57
position_1,965.84,31.18,49.19,1.02,-34.12,1017.23,630.55,304.50,584.29
position_1,965.68,31.19,48.57,11.43,-34.76,1030.49,629.47,304.71,578.28
position_1,965.61,31.24,48.88,15.42,-25.23,1009.93,620.40,312.61,590.39
position_1,965.56,31.29,48.94,3.61,-27.99,1000.94,624.25,301.80,581.34
position_1,965.47,31.28,49.09,19.55,-37.79,1032.88,630.14,310.37,586.66
position_1,965.38,31.12,48.31,7.16,-36.95,1042.22,639.36,313.61,585.13
position_1,965.62,31.26,48.10,6.28,-37.76,1033.92,626.46,318.24,590.24
position_1,965.69,31.15,48.58,27.26,-18.54,1015.96,637.89,310.16,585.38
position_1,965.65,31.20,48.53,0.74,-25.67,1011.11,626.08,315.74,593.29
position_1,965.69,31.27,48.36,3.87,-36.56,1035.03,622.71,323.60,585.97
position_1,965.61,31.25,48.81,4.12,-26.51,1014.60,633.56,311.99,592.66
position_1,965.76,31.16,47.96,-0.65,-36.87,1022.50,635.20,311.09,584.18
position_1,965.76,30.92,47.99,20.08,-27.92,1019.52,631.58,312.15,586.02
position_1,965.64,31.10,48.50,9.40,-22.96,1026.20,632.91,308.01,582.44
position_1,965.61,30.99,48.03,18.95,-47.75,1021.60,625.70,312.28,600.17
position_1,965.88,30.99,48.06,23.10,-27.32,1011.21,625.94,305.35,585.62
position_1,965.92,31.06,47.74,18.49,-36.24,1034.12,626.96,320.81,606.24
position_1,965.80,30.85,48.56,8.49,-35.86,1019.50,623.36,314.10,592.92
position_1,965.80,30.98,48.43,20.19,-35.16,1022.21,635.00,312.43,596.15
position_1,965.77,30.91,48.27,21.50,-39.28,1015.80,626.09,309.68,599.28
position_1,965.79,30.93,48.60,25.62,-26.74,1012.12,627.48,323.38,600.50
position_1,965.92,30.96,48.42,-2.09,-34.39,1020.70,609.59,316.84,584.72
position_1,965.89,30.98,48.42,5.92,-15.75,1020.99,619.15,315.83,598.09
position_1,965.75,31.06,48.26,0.28,-30.83,1019.60,631.69,301.92,583.05
position_1,965.73,30.96,48.94,11.99,-56.08,1024.21,627.51,319.73,595.27
position_1,965.69,30.89,48.02,8.70,-24.83,1020.43,643.34,315.96,589.40
position_1,965.59,31.10,48.82,10.74,-44.72,1024.24,646.85,315.87,583.16
position_1,965.62,30.96,48.41,9.75,-42.27,1026.69,628.57,309.71,590.97
position_1,965.68,31.15,48.34,8.85,-32.96,1025.17,634.34,311.33,596.02
position_1,965.71,31.06,48.74,4.40,-38.25,1024.33,626.37,318.88,592.63
position_1,965.74,31.09,48.38,6.98,-23.98,1015.06,630.99,293.71,582.92
position_1,965.72,31.02,48.98,10.42,-31.89,1038.26,626.81,303.21,584.55
position_1,965.87,31.01,48.22,-4.72,-34.76,1020.55,621.60,304.36,592.44
position_1,965.90,31.09,48.99,1.65,-33.25,1022.25,641.42,313.72,590.99
position_1,965.86,30.88,49.13,20.26,-13.22,1017.70,627.56,313.09,587.55
position_1,965.81,30.90,48.68,13.85,-19.61,1018.36,643.20,309.20,581.52
position_1,965.87,30.84,48.55,5.14,-24.51,1026.26,637.18,318.85,591.89
position_1,965.73,30.93,48.82,18.57,-38.92,1015.88,623.77,308.34,586.76
position_1,965.59,30.82,48.81,15.24,-25.38,1019.49,627.67,312.72,605.25
position_1,965.67,30.72,47.47,6.05,-30.84,1015.58,641.57,317.25,600.03
position_1,965.60,30.46,47.62,20.58,-27.33,1021.10,640.63,317.68,591.23
position_1,965.55,30.48,47.95,-6.19,-24.61,1012.52,627.72,317.21,583.90
position_1,965.54,30.56,48.04,7.31,-28.28,1016.37,641.33,309.80,588.94
position_1,965.44,30.68,47.41,5.33,-20.85,1017.97,627.13,313.93,586.76
position_1,965.58,30.51,47.55,21.62,-29.71,1020.71,634.63,330.27,578.43
position_1,965.63,30.51,47.46,16.89,-38.18,1027.45,643.21,309.55,581.72
position_1,965.57,30.41,46.50,21.22,-27.43,1028.04,635.73,308.04,586.34
position_1,965.47,30.51,47.54,4.88,-35.80,1013.18,638.77,309.92,588.60
position_1,965.45,30.60,46.95,3.24,-30.93,1029.55,628.76,300.93,595.21
position_1,965.53,30.78,47.56,13.34,-33.67,1032.48,627.64,318.20,595.71
position_1,965.43,30.39,47.81,3.45,-19.04,1018.18,635.84,311.06,574.58
position_1,965.46,30.57,48.53,15.83,-38.69,1018.49,636.59,320.23,578.35
position_1,965.48,30.58,48.25,6.24,-21.49,1017.27,624.91,311.63,595.92
position_1,965.45,30.73,47.99,13.31,-24.14,1031.48,632.34,325.19,587.14
position_1,965.45,30.68,48.61,11.70,-22.50,1011.67,636.82,304.77,589.88
position_1,965.54,30.61,48.50,11.14,-31.19,1037.95,632.40,311.96,582.20
position_1,965.57,30.58,48.53,3.14,-31.08,1027.72,630.09,314.92,583.61
position_1,965.49,30.82,47.76,12.25,-22.65,1031.03,639.82,320.62,586.76
position_1,965.58,30.55,47.36,1.95,-31.39,1016.63,637.40,314.80,586.92
position_1,965.59,30.50,48.19,5.39,-28.00,1025.34,630.11,330.16,588.30
position_1,965.48,30.56,48.46,-0.25,-33.77,1015.47,649.53,314.53,590.24
position_1,965.54,30.71,47.75,17.73,-26.68,1022.33,625.36,313.97,591.87
position_1,965.55,30.56,48.38,9.68,-33.20,1028.27,632.36,315.13,590.66
position_1,965.39,30.86,48.09,4.39,-33.45,1020.92,645.28,307.77,583.92
position_1,965.53,30.59,48.69,21.18,-38.50,1016.24,639.75,304.29,589.73
position_1,965.45,30.73,49.23,20.26,-34.66,1015.74,635.00,317.55,585.87
position_1,965.46,30.92,49.48,1.11,-42.41,1020.13,631.56,323.37,589.52
position_1,965.66,30.83,48.99,9.16,-33.56,1016.87,631.63,307.77,592.69
position_1,965.60,30.67,49.47,5.81,-7.09,1018.44,636.46,303.95,592.28
position_1,965.77,30.52,49.36,3.63,-20.46,1016.80,619.03,319.69,574.50
position_1,965.57,30.55,49.31,8.57,-20.04,1028.68,633.30,312.63,575.91
position_1,965.79,30.67,49.17,7.38,-23.34,1001.44,625.77,315.07,586.10
position_1,965.59,30.64,51.00,13.75,-22.21,1025.09,631.32,312.62,584.23
position_1,965.63,30.69,51.16,11.21,-24.02,1013.98,625.91,313.58,587.97
position_1,965.72,30.60,51.08,8.40,-21.10,1027.33,618.73,321.59,578.79
position_1,965.64,30.59,50.72,7.01,-25.53,1024.97,629.11,311.08,596.84
position_1,965.72,30.70,49.88,-1.29,-24.09,1017.35,627.71,323.05,586.22
position_1,965.66,30.73,50.53,2.42,-31.12,1031.46,627.58,326.67,589.74
position_1,965.61,30.81,50.16,8.00,-31.32,1020.85,638.53,322.82,594.65
position_1,965.50,30.86,49.95,7.08,-40.68,1015.58,629.90,319.67,591.42
position_1,965.58,30.72,49.57,4.17,-18.75,1015.48,625.91,313.74,579.08
position_1,965.66,30.82,50.26,18.06,-37.72,1013.60,626.38,334.59,588.47
position_1,965.59,30.82,49.51,21.39,-53.64,1032.05,613.16,320.72,578.65
position_1,965.64,30.69,50.34,-2.81,-35.79,1038.24,623.80,303.20,579.01
position_1,965.65,30.62,49.74,18.30,-52.92,1009.64,628.49,311.06,585.89
position_1,965.73,30.57,49.45,18.77,-32.17,1025.22,624.63,313.60,592.62
position_1,965.66,30.46,49.83,3.15,-14.66,1019.14,614.08,314.25,582.03
position_1,965.53,30.29,49.26,-14.23,-43.30,1015.35,632.34,316.46,585.92
position_1,965.54,30.26,49.15,2.42,-34.29,1036.69,618.89,316.55,589.09
position_1,965.56,30.26,50.04,11.01,-17.12,1004.34,625.26,324.50,588.07
position_1,965.60,30.26,49.70,38.20,-25.50,1014.43,630.52,324.62,599.46
position_1,965.59,30.20,49.56,13.72,-26.88,1008.34,622.94,317.78,577.53
position_1,965.62,29.99,48.94,5.13,-24.38,1031.36,616.85,312.56,580.56
position_1,965.63,29.97,49.02,19.15,-16.67,1006.05,618.79,316.69,598.35
position_1,965.67,30.17,49.28,4.65,-39.76,1022.93,615.89,317.69,589.90
position_1,965.75,30.20,49.05,11.21,-26.06,1006.03,615.64,308.54,587.94
position_1,965.75,30.21,49.27,10.35,-50.85,1015.66,616.87,308.00,591.81
position_1,965.80,30.17,49.32,22.92,-39.74,1029.31,624.90,305.86,589.25
position_1,965.88,30.20,49.21,10.30,-37.92,1023.00,612.36,314.58,590.34
position_1,965.80,30.14,49.06,13.12,-29.64,1031.18,621.23,312.22,589.25
position_1,965.85,30.18,48.67,13.09,-22.21,1017.50,612.35,311.85,587.17
position_1,965.83,30.17,48.83,16.75,-34.69,1010.21,612.27,303.83,587.50
position_1,965.77,29.96,49.49,23.40,-26.56,1029.61,619.18,305.36,593.77
position_1,965.68,30.02,49.06,5.00,-33.82,1017.72,625.03,314.21,601.89
position_1,965.72,29.99,49.20,12.09,-30.04,1023.15,613.03,321.32,603.45
position_1,965.71,30.35,49.35,14.04,-34.75,1025.55,608.75,295.89,585.28
position_1,965.73,30.26,49.50,27.31,-22.53,1020.18,619.95,322.15,592.62
position_1,965.50,29.98,49.72,15.23,-22.44,1020.60,615.01,304.43,596.22
position_1,965.50,30.16,49.16,10.64,-42.11,1021.90,618.91,312.31,587.79
position_1,965.41,30.09,49.15,13.22,-29.69,1040.57,611.50,319.72,602.18
position_1,965.39,30.29,49.30,4.23,-21.58,1022.90,614.32,318.22,589.62
position_1,965.47,30.26,48.17,16.82,-35.12,1017.67,610.11,299.86,597.74
position_1,965.57,30.34,49.49,21.72,-23.64,1020.24,614.76,307.80,588.39
position_1,965.49,30.30,50.30,4.73,-29.65,1017.54,611.39,315.84,601.22
position_1,965.52,30.41,50.06,27.29,-34.23,1029.11,603.44,309.48,592.57
position_1,965.57,30.22,49.20,3.81,-18.87,1020.63,617.41,311.87,586.58
position_1,965.51,30.32,50.12,1.22,-35.71,1010.63,619.82,323.43,583.41
position_1,965.65,30.48,49.44,9.08,-12.23,1005.36,613.14,297.54,583.04
position_1,965.72,30.54,50.00,19.22,-23.66,1015.80,611.71,311.96,588.45
position_1,965.77,30.48,48.67,27.92,-23.04,1016.23,618.82,308.54,589.41
position_1,965.62,30.50,48.77,3.68,-33.31,1015.95,602.74,300.56,581.51
position_1,965.74,30.55,48.84,19.52,-23.29,1034.74,617.13,315.87,586.85
position_1,965.78,30.45,48.44,17.34,-10.25,1016.52,595.67,318.48,575.76
position_1,965.57,30.25,48.44,4.31,-27.92,1024.28,606.78,314.70,587.30
position_1,965.70,30.40,48.59,11.97,-27.29,1013.22,605.78,322.52,580.10
position_1,965.59,30.51,48.55,15.14,-28.77,1013.47,603.76,304.94,582.06
position_1,965.60,30.50,47.50,13.07,-44.18,1032.31,606.86,304.22,594.01
position_1,965.59,30.61,47.13,17.03,-21.39,1019.87,604.24,310.78,582.58
position_1,965.48,30.63,48.85,33.15,-25.91,1005.35,623.97,316.45,598.34
position_1,965.50,30.74,47.92,17.22,-34.26,1010.72,603.54,320.57,586.90
position_1,965.53,30.74,47.87,8.21,-29.99,1016.34,613.76,318.44,588.60
position_1,965.41,30.70,47.90,26.75,-21.81,1008.26,612.90,326.43,586.15
position_1,965.37,30.81,48.20,14.40,-20.42,1018.71,616.58,309.60,577.52
position_1,965.33,30.88,48.65,-1.47,-31.38,1012.67,610.41,306.22,582.61
position_1,965.30,30.85,48.92,9.43,-23.25,1030.81,606.34,309.25,592.57
position_1,965.30,31.06,48.26,13.65,-28.24,1008.70,619.80,324.09,580.58
position_1,965.19,30.93,47.70,12.40,-25.71,1022.67,602.86,318.40,569.23
position_1,965.50,30.92,48.81,0.79,-23.91,1026.11,608.79,323.32,583.19
position_1,965.47,30.86,48.88,7.74,-22.39,1025.40,613.49,312.41,581.46
position_1,965.49,30.98,48.72,-7.92,-32.55,1009.74,610.93,312.09,590.66
position_1,965.40,30.78,47.96,7.38,-15.83,1015.67,597.61,306.22,571.68
position_1,965.49,30.67,47.61,12.70,-22.55,1031.77,618.09,305.23,585.22
position_1,965.47,30.53,48.73,7.81,-22.84,1020.93,589.91,314.43,584.41
position_1,965.52,30.53,48.81,12.09,-29.38,1005.90,602.89,314.58,575.94
position_1,965.56,30.55,48.49,13.79,-4.61,1019.45,607.29,310.74,581.37
position_1,965.65,30.63,48.58,12.35,-22.90,1022.60,607.59,313.07,577.41
position_1,965.55,30.52,48.29,1.53,-19.85,1022.69,604.84,316.39,581.26
position_1,965.54,30.34,48.24,9.07,-36.01,1021.09,589.49,305.24,585.13
position_1,965.52,30.49,48.71,-3.24,-19.57,1022.79,608.40,314.77,572.78
position_1,965.49,30.65,48.48,27.70,-26.72,1029.85,605.83,317.63,583.50
position_1,965.41,30.69,49.04,3.46,-22.66,1024.57,604.15,311.69,586.70
position_1,965.44,30.65,49.36,0.94,-34.92,1011.06,607.94,310.12,566.84
position_1,965.60,30.64,49.51,3.11,-6.89,1010.78,609.26,312.98,572.53
position_1,965.52,30.87,49.33,20.74,-8.45,1026.86,612.23,314.38,580.34
position_1,965.52,30.93,48.99,3.24,-11.49,1028.10,608.98,313.56,585.06
position_1,965.62,31.03,49.01,-1.89,-25.84,1016.66,602.97,304.47,576.57
position_1,965.50,30.95,49.26,3.47,-27.33,1020.89,603.26,311.81,573.67
position_1,965.65,31.05,49.70,10.32,-28.49,1018.94,602.84,311.52,584.04
position_1,965.59,31.17,49.24,16.23,-18.26,1027.65,607.92,305.46,592.57
position_1,965.59,31.15,48.58,-7.28,-20.48,999.63,614.38,312.35,582.93
position_1,965.48,31.05,48.78,0.33,-19.98,1020.60,603.75,301.71,580.00
position_1,965.51,31.13,47.99,4.63,-23.82,1024.03,598.35,307.06,585.59
position_1,965.51,30.96,48.25,12.49,-19.28,1013.23,609.66,320.08,571.01
position_1,965.65,30.91,49.08,23.05,-15.72,1011.72,611.68,302.81,572.86
position_1,965.53,30.99,47.65,6.15,-20.84,1018.38,609.24,316.57,578.51
position_1,965.61,31.16,47.81,10.89,-13.29,1015.51,612.21,306.09,569.03
position_1,965.57,31.14,47.56,16.43,-38.14,1019.42,595.51,311.33,577.10
position_1,965.57,30.98,47.64,6.02,-7.47,1022.62,611.38,312.77,578.33
position_1,965.58,30.76,46.98,-0.80,-28.43,1030.23,624.11,313.65,589.24
position_1,965.70,30.67,46.89,14.42,-28.71,1012.37,615.29,310.75,589.79
position_1,965.70,30.83,45.88,15.24,-23.94,1019.42,606.18,313.74,574.63
position_1,965.53,30.77,47.11,-7.12,-27.52,1027.26,607.53,315.89,572.21
position_1,965.53,30.59,47.01,12.95,-13.77,1012.47,610.16,310.81,573.25
position_1,965.64,30.68,46.62,14.33,-20.88,1017.62,616.07,307.14,573.17
position_1,965.63,30.32,46.14,17.88,-12.52,1019.72,620.16,301.19,583.09
position_1,965.63,30.55,46.40,0.61,-16.58,1018.13,614.21,302.83,577.47
position_1,965.66,30.56,46.65,1.56,-25.59,1012.09,620.63,294.41,583.60
position_1,965.59,30.38,46.88,18.68,-14.62,1003.33,611.81,292.18,569.65
position_1,965.68,30.31,46.96,5.34,-2.32,1020.94,618.24,306.77,578.69
position_1,965.56,30.34,47.25,26.54,-17.64,1027.11,618.55,314.88,576.66
position_1,965.67,30.32,47.10,4.60,-13.22,1019.66,616.50,315.61,577.21
position_1,965.53,30.32,46.98,10.20,-16.61,1027.82,623.46,319.13,585.98
position_1,965.50,30.20,47.27,-3.10,-35.87,1026.96,616.60,305.50,581.04
position_1,965.38,30.14,47.59,8.75,-37.37,1026.93,627.30,304.40,577.40
position_1,965.43,30.33,48.59,0.42,-2.32,1012.46,624.28,314.00,575.06
position_1,965.43,30.32,48.44,16.11,-25.76,1015.61,617.61,313.24,574.68
position_1,965.44,30.45,48.14,4.24,-22.16,1020.31,605.08,299.86,571.77
position_1,965.38,30.50,49.58,9.74,-22.81,995.93,610.76,305.28,577.75
position_1,965.24,30.55,48.68,9.76,-24.01,1016.68,624.04,301.48,570.48
position_1,965.32,30.48,48.19,6.40,-26.70,1014.50,610.85,300.44,576.09
position_1,965.33,30.49,48.94,9.07,-22.07,1022.69,626.25,313.03,577.30
position_1,965.36,30.54,49.11,9.14,-14.98,1031.52,609.65,306.24,571.43
position_1,965.32,30.54,48.65,0.75,-20.01,1014.84,612.66,308.93,573.07
position_1,965.28,30.40,48.70,-13.51,-9.46,1005.67,630.73,301.82,585.20
position_1,965.35,30.55,48.41,-2.04,-17.80,1019.55,611.71,305.13,577.79
position_1,965.36,30.72,49.11,23.54,-11.77,996.13,629.53,306.34,569.31
position_1,965.26,30.46,49.55,9.78,-21.91,1015.20,617.15,303.80,586.00
position_1,965.26,30.31,49.64,0.65,-23.96,1022.04,629.07,298.92,576.45
position_1,965.33,30.39,49.74,12.54,-14.04,1010.16,619.60,303.72,579.97
position_1,965.24,30.57,48.92,19.11,-35.05,1017.25,613.88,304.55,599.02
position_1,965.26,30.55,49.01,-9.73,-29.83,1009.44,617.28,309.28,578.96
position_1,965.25,30.67,49.03,10.59,-18.08,1006.12,621.14,301.39,569.01
position_1,965.20,30.61,49.87,8.74,-22.01,1019.59,621.77,307.54,581.43
position_1,965.16,30.75,50.39,1.29,0.37,1007.03,618.50,308.75,581.40
position_1,965.01,30.93,50.11,0.85,-14.65,1001.42,614.27,311.54,571.09
position_1,965.09,30.95,49.68,12.75,-17.42,1026.00,622.27,304.24,570.69
position_1,965.04,31.15,50.45,6.49,-16.85,1016.00,614.96,308.96,577.03
position_1,964.98,30.98,50.23,8.21,-20.39,1015.91,618.61,309.36,589.75
position_1,964.99,30.98,50.01,10.34,-19.89,1004.98,635.66,309.13,578.45
position_1,964.91,31.12,49.80,8.27,-3.81,1020.69,624.23,307.60,568.87
position_1,964.98,31.05,49.35,21.49,-18.37,1011.25,631.62,306.94,575.68
position_1,964.79,31.11,48.90,-5.63,-8.37,1024.36,628.22,319.82,582.11
position_1,964.83,30.99,48.46,11.00,-18.05,1019.40,608.38,308.00,573.40
position_1,964.78,30.84,48.89,4.99,-29.79,1007.14,620.55,308.40,582.48
position_1,964.84,31.09,49.99,18.03,-33.27,1019.32,622.22,305.28,577.30
position_1,964.97,30.86,49.87,23.98,-14.41,1008.94,614.39,305.46,587.04
position_1,964.85,30.95,49.86,7.35,-28.97,1018.27,629.90,306.93,565.90
position_1,964.81,30.74,49.91,13.73,-16.01,1016.82,621.73,294.46,569.35
position_1,964.74,30.89,49.95,6.87,5.62,1019.05,613.82,300.09,574.72
position_1,964.80,30.80,49.12,-0.09,-22.90,1010.32,607.22,307.30,572.93
position_1,964.76,30.82,49.91,14.53,-22.86,1027.84,627.29,304.74,581.33
position_1,964.74,30.84,49.05,-1.46,-16.81,1028.45,616.06,306.07,580.02
position_1,964.81,31.01,48.89,25.25,-18.48,1001.27,620.61,312.64,575.92
position_1,964.71,31.20,49.60,6.59,-28.84,1027.99,627.47,319.28,576.83
position_1,964.68,31.18,48.71,4.19,-12.69,1010.85,616.52,305.09,569.77
position_1,964.61,31.15,48.21,4.54,-18.14,1031.91,622.66,317.24,571.11
position_1,964.64,31.03,48.15,11.85,-3.74,1004.02,628.27,305.83,577.35
position_1,964.72,31.29,49.66,0.43,-20.56,1024.07,619.34,310.82,572.81
position_1,964.76,31.09,49.07,10.11,-3.35,1009.58,629.49,299.16,578.43
position_1,964.64,31.08,49.70,-12.64,-18.66,1013.00,626.86,294.59,580.92
position_1,964.64,30.90,49.43,7.96,-12.65,1033.82,632.18,307.61,582.43
position_1,964.67,30.80,50.39,16.57,-26.17,1039.52,626.48,311.26,575.13
position_1,964.64,30.73,50.09,-2.12,-11.48,1009.80,625.04,310.21,580.12
position_1,964.69,30.79,49.82,20.87,-20.92,1020.17,623.31,307.72,585.90
position_1,964.78,30.75,49.02,7.91,-18.33,1026.55,623.62,297.99,578.64
position_1,964.82,30.65,49.75,4.31,-12.74,1011.44,635.43,305.29,581.53
position_1,965.03,30.56,50.58,9.57,-31.81,1018.10,614.66,299.23,568.40
position_1,964.99,30.65,51.28,14.16,-18.20,1016.45,616.78,311.10,579.60
position_1,964.96,30.61,51.05,-0.56,-16.99,1027.17,632.98,307.27,574.60
position_1,964.85,30.74,51.59,-11.51,-21.05,1005.85,619.33,301.50,578.42
position_1,964.92,30.75,50.89,8.67,-26.02,1019.98,621.08,311.17,577.61
position_1,964.88,30.61,51.76,-9.16,-6.64,1024.27,625.35,300.69,573.99
position_1,964.92,30.84,51.91,5.96,-16.18,1000.73,639.22,307.90,577.68
position_1,964.86,30.84,51.76,4.06,-32.36,1002.62,625.76,300.26,574.51
position_1,964.86,30.70,51.38,6.36,-23.30,1017.39,625.61,295.93,574.14
position_1,964.90,30.72,51.70,14.87,-18.14,1019.39,631.44,306.26,573.63
position_1,964.85,30.98,51.56,7.80,-18.63,1014.39,616.67,308.19,570.31
position_1,964.89,30.87,50.88,7.90,2.41,1012.86,628.24,306.05,577.14
position_1,964.94,30.71,51.44,11.65,-12.80,1020.04,617.33,311.48,574.58
position_1,964.83,30.83,51.87,4.70,-17.60,1018.62,629.72,306.87,582.81
position_1,964.84,30.88,51.71,-4.54,-2.29,1012.50,617.48,299.94,574.86
position_1,964.68,31.01,51.10,18.73,-20.33,1028.31,634.38,302.38,581.76
position_1,964.73,30.95,51.85,-4.40,-12.10,1021.20,626.96,313.14,583.19
position_1,964.67,30.90,51.85,-7.23,-17.61,1009.79,623.49,308.67,578.95
position_1,964.70,31.03,51.41,18.54,-15.18,1016.92,626.87,315.25,578.82
position_1,964.73,31.03,51.09,-6.32,-29.31,1020.68,626.50,319.24,584.07
position_1,964.64,31.03,50.97,16.21,-11.78,1026.76,629.99,314.69,570.63
position_1,964.71,30.91,50.63,6.76,-22.63,1020.35,621.69,313.04,580.04
position_1,964.61,31.03,50.71,-0.23,-27.49,1006.74,626.15,303.76,578.52
position_1,964.65,30.91,51.05,-0.50,-12.67,1006.93,620.29,310.78,583.02
position_1,964.61,30.97,51.15,6.47,-18.02,1018.90,617.66,297.32,577.76
position_1,964.51,30.89,50.76,15.47,-13.08,1021.07,623.81,316.38,579.59
position_1,964.45,30.86,51.32,4.98,-11.79,1002.60,623.53,306.14,580.93
position_1,964.53,30.77,50.80,8.54,-3.92,1012.13,619.03,318.90,587.68
position_1,964.51,30.65,50.91,11.50,-18.13,1016.68,624.88,304.53,567.81
position_1,964.58,30.73,51.55,4.62,-26.42,1014.44,632.78,307.32,593.45
position_1,964.66,30.93,52.31,-4.44,-11.28,999.53,620.07,313.71,571.88
position_1,964.55,30.93,51.82,6.68,-10.95,1019.94,629.15,309.37,577.81
position_1,964.62,30.82,51.68,18.52,-13.52,1014.98,616.64,290.95,576.34
position_1,964.65,30.81,51.61,-0.63,-10.23,1022.10,623.10,319.15,573.75
position_1,964.47,30.56,51.84,8.78,-5.82,1038.89,617.49,300.80,575.71
position_1,964.54,30.61,52.92,6.40,-24.13,1024.83,616.37,316.24,581.84
position_1,964.59,30.70,51.91,4.94,-10.80,1016.90,634.13,307.39,577.35
position_1,964.52,30.68,53.22,11.83,-23.09,1015.10,622.18,299.42,575.01
position_1,964.53,30.57,53.14,-0.07,-22.97,1023.95,628.47,303.97,577.71
position_1,964.63,30.57,53.07,12.84,-18.92,1007.01,621.47,303.92,580.09
position_1,964.61,30.39,53.16,6.06,-15.49,1019.81,616.61,310.26,580.78
position_1,964.70,30.36,52.67,12.30,-14.97,1014.33,621.51,309.31,580.65
position_1,964.85,30.31,52.66,4.67,-36.78,1020.99,611.86,308.59,583.13
position_1,964.70,30.35,53.42,15.25,-21.09,1026.88,630.71,307.42,570.85
position_1,964.75,30.29,52.71,11.49,-17.98,1012.35,625.57,311.00,583.56
position_1,964.67,30.49,54.09,23.08,-7.41,1026.05,618.86,302.81,579.54
position_1,964.68,30.50,53.38,13.08,-31.11,1003.99,621.06,319.50,581.58
position_1,964.67,30.50,53.32,12.87,-17.27,1025.50,628.04,304.33,591.81
position_1,964.59,30.47,53.59,23.03,-2.81,1023.52,617.68,320.30,583.43
position_1,964.58,30.57,52.88,3.68,-6.49,1016.75,620.32,312.02,581.87
position_1,964.69,30.62,53.37,1.57,-4.98,1016.23,626.46,309.71,574.76
position_1,964.48,30.54,53.90,5.18,-17.83,1011.64,632.13,318.50,576.97
position_1,964.55,30.63,54.54,9.14,-7.72,1004.93,617.73,316.06,590.71
position_1,964.55,30.68,54.19,-7.18,-12.50,1006.58,617.10,311.77,576.48
position_1,964.66,30.77,53.54,6.55,-16.70,1032.23,635.95,317.30,566.95
position_1,964.66,30.91,54.00,14.80,-15.18,1020.85,626.70,311.80,586.62
position_1,964.69,30.75,54.10,6.39,-25.62,1012.72,626.33,313.40,588.74
position_1,964.62,30.87,53.23,1.67,-11.86,1019.98,629.05,311.11,577.60
position_1,964.62,30.91,53.48,7.31,-10.36,1024.48,631.39,311.34,583.08
position_1,964.61,30.94,54.02,19.36,-24.07,1018.52,623.96,312.11,572.02
position_1,964.66,30.79,53.45,14.87,-8.45,1016.53,620.19,316.68,573.90
position_1,964.50,30.85,53.40,11.23,-9.70,991.62,619.83,310.93,587.44
position_1,964.60,30.98,54.50,4.67,-11.39,1008.49,623.45,310.02,582.90
position_1,964.58,30.89,53.65,-1.83,-7.49,1019.97,625.62,320.31,569.70
position_1,964.57,30.93,53.88,10.33,-27.71,1014.79,629.18,309.17,588.99
position_1,964.54,31.07,53.81,1.17,-8.17,1018.11,625.25,299.14,575.73
position_1,964.60,30.97,53.34,19.39,-16.56,1015.15,628.55,314.52,584.29
position_1,964.69,30.68,54.20,9.63,-15.71,1003.64,623.24,299.10,577.49
position_1,964.55,30.84,53.81,9.90,3.21,1003.26,620.45,308.88,585.10
position_1,964.70,30.94,54.73,-4.72,-19.18,1030.85,617.21,319.77,586.32
position_1,964.60,30.85,53.57,4.19,-17.54,1012.22,619.54,315.74,575.65
position_1,964.76,30.91,53.83,17.97,-12.59,999.48,632.95,307.43,577.61
position_1,964.63,30.98,54.78,14.42,-0.75,1010.28,617.48,311.94,586.68
position_1,964.56,30.93,53.15,9.48,-26.27,1010.33,621.46,312.49,586.47
position_1,964.67,30.95,53.06,10.38,-22.23,1019.61,614.85,316.12,581.77
position_1,964.73,30.84,53.95,-8.87,-18.89,1009.15,620.21,309.34,580.04
position_1,964.59,30.80,53.76,14.08,-9.81,1016.70,616.54,324.39,564.95
position_1,964.64,30.94,53.76,7.11,-18.95,1012.80,616.72,298.57,577.82
position_1,964.83,30.83,53.25,8.87,-23.42,1007.11,612.28,304.54,573.05
position_1,964.72,30.72,53.92,9.06,-24.06,1015.66,610.02,308.59,594.33
position_1,964.79,30.90,54.50,9.86,-17.48,1015.49,618.02,306.59,594.94
position_1,964.78,30.95,54.78,13.46,-19.49,1019.26,611.60,309.32,579.93
position_1,964.69,30.90,54.59,5.08,-14.06,1020.14,635.40,321.54,578.15
position_1,964.61,30.95,54.12,19.01,-18.52,1008.27,616.07,309.70,585.90
position_1,964.79,31.02,53.43,-5.06,-3.14,1000.81,635.25,333.04,583.47
position_1,964.75,30.89,53.73,10.66,-8.97,997.04,635.70,306.81,586.32
position_1,964.75,30.87,53.96,14.20,-33.94,1018.94,618.07,314.73,581.73
position_1,964.83,30.82,54.04,12.80,-18.38,1023.57,623.63,314.08,581.58
position_1,964.85,30.72,54.16,5.24,-22.96,1004.38,622.89,303.64,593.52
position_1,964.74,30.53,54.31,15.13,-27.92,1020.23,619.19,325.95,582.81
position_1,964.76,30.66,54.58,12.38,-19.61,1008.88,623.13,308.98,569.96
position_1,964.94,30.73,53.81,14.61,-11.71,1016.63,619.52,306.38,588.17
position_1,964.81,30.76,53.48,8.22,-22.37,1019.85,616.70,320.25,579.95
position_1,964.76,30.83,53.91,14.02,-14.86,1004.27,625.00,309.82,584.54
position_1,964.90,30.88,54.07,10.00,-29.90,1022.65,625.97,314.93,573.77
position_1,964.86,31.07,54.85,6.08,-21.89,1017.32,620.58,313.05,571.04
position_1,964.89,31.07,54.00,12.02,-20.21,1013.63,615.54,305.12,576.59
position_1,964.78,31.01,54.84,6.12,-15.19,1013.12,638.47,314.61,578.60
position_1,964.93,31.01,54.53,-6.35,-23.70,1018.60,616.85,307.51,586.04
position_1,964.84,31.01,54.44,22.66,-19.58,1011.68,614.09,309.64,585.06
position_1,964.79,30.95,54.82,12.42,-17.90,1019.21,631.53,311.53,595.30
position_1,964.75,31.05,54.43,10.40,-25.67,1019.64,620.52,301.82,575.48
position_1,964.86,30.96,54.89,1.31,-16.66,1017.83,627.78,323.85,576.23
position_1,964.81,31.08,54.03,-3.63,-18.42,1024.37,622.74,314.46,576.54
position_1,964.80,31.11,55.15,15.50,-14.31,1012.41,616.90,312.88,577.59
position_1,964.85,31.16,54.91,14.21,-15.29,1019.37,625.74,308.59,584.21
position_1,964.75,31.20,55.50,14.95,-11.16,1021.83,616.52,296.55,581.49
position_1,964.71,31.15,55.20,12.01,-26.46,1015.99,623.48,309.89,572.96
position_1,964.72,31.26,55.72,4.31,-9.57,1013.72,618.97,319.00,576.15
position_1,964.75,31.17,55.43,3.95,-18.54,1028.85,624.63,314.01,584.34
position_1,964.84,31.18,55.46,-1.55,-21.40,1024.47,627.65,309.01,572.73
position_1,964.76,31.12,55.20,14.59,-15.00,1012.40,627.32,312.45,586.94
position_1,964.80,31.16,55.76,14.86,-6.06,1020.98,622.42,309.62,578.54
position_1,964.80,31.14,55.05,11.21,-30.28,1016.77,622.62,309.16,565.27
position_1,964.83,30.97,55.42,10.60,-18.35,1012.46,624.23,308.80,583.14
position_1,964.86,31.11,55.31,12.22,-7.80,1022.84,626.43,313.66,586.74
position_1,964.90,31.24,54.98,13.15,-22.30,1014.78,626.94,315.88,584.09
position_1,964.80,31.00,55.39,16.41,-25.28,1030.98,609.72,316.15,576.84
position_1,964.89,30.97,55.47,3.32,-16.83,1020.39,620.94,323.02,579.27
position_1,964.78,31.00,55.71,-8.84,-26.05,1014.29,631.46,317.01,582.08
position_1,964.90,30.85,55.86,13.60,-24.73,1023.28,632.34,322.74,576.48
position_1,964.83,30.76,55.21,22.56,-17.72,1016.24,625.77,308.82,584.12
position_1,964.87,30.71,56.00,2.34,-15.63,1011.86,628.95,319.51,575.56
position_1,964.92,30.63,55.64,5.33,-0.14,1018.73,625.84,313.04,580.70
position_1,964.80,30.65,55.06,17.30,-7.99,1021.27,619.98,315.73,583.00
position_1,964.75,30.51,55.02,12.78,-24.87,1018.51,619.36,311.64,572.06
position_1,964.81,30.62,55.84,4.87,-32.10,1005.82,622.48,317.77,585.10
position_1,964.74,30.77,54.95,5.39,-2.23,1001.61,610.84,300.45,587.14
position_1,964.86,30.74,55.64,15.90,-24.11,1005.48,622.90,314.74,575.37
position_1,964.85,30.72,55.30,6.27,-20.34,1019.97,613.69,310.02,569.76
position_1,964.77,30.70,55.79,13.74,-18.26,1009.59,619.78,314.44,581.79
position_1,964.80,30.62,55.34,2.99,-31.43,1013.85,635.26,316.33,587.68
position_1,964.83,30.78,56.07,6.43,-12.57,1034.41,621.73,302.34,588.67
position_1,964.88,30.86,55.64,-4.48,-29.28,1022.90,613.81,314.64,581.06
position_1,964.84,30.59,55.27,8.41,-13.03,1014.54,624.24,315.71,584.52
position_1,964.96,30.56,54.93,14.67,-12.40,1017.96,634.26,309.46,576.28
position_1,964.92,30.84,54.42,1.75,-15.81,993.22,624.63,306.09,580.26
position_1,964.84,30.76,54.91,4.92,-21.49,1018.65,623.29,316.54,586.07
position_1,964.89,30.83,54.65,22.26,-4.87,1029.17,619.59,304.87,580.42
position_1,964.92,30.91,54.51,0.94,-12.04,1010.96,621.26,315.31,586.29
position_1,964.96,31.01,54.35,23.48,-9.21,1007.61,625.98,308.64,588.50
position_1,964.91,30.97,54.62,-10.26,-18.54,1006.99,621.45,302.20,582.51
position_1,964.86,31.09,54.76,4.16,-13.05,1008.42,609.46,305.21,587.39
position_1,964.98,31.09,54.73,-3.12,-2.55,1009.67,616.66,304.08,588.92
position_1,965.01,31.09,54.41,0.13,-12.93,1009.50,628.48,315.67,582.50
position_1,964.93,31.18,54.26,14.13,-19.77,986.12,611.62,303.69,578.58
position_1,964.88,31.30,55.30,2.79,-20.54,1012.69,621.84,311.25,575.49
position_1,964.98,31.45,54.69,10.85,-21.13,1019.64,623.97,311.59,590.05
position_1,964.81,31.30,54.94,7.78,-17.47,1020.82,622.40,310.00,581.52
position_1,964.79,31.34,54.84,4.02,-16.51,1022.76,619.65,317.12,565.34
position_1,964.76,31.49,55.26,4.49,-25.59,1011.22,637.47,307.34,583.63
position_1,964.77,31.45,54.22,3.42,-13.32,1032.39,624.83,304.92,581.61
position_1,964.83,31.54,54.67,-1.68,-10.03,1017.56,625.26,308.11,572.54
position_1,964.86,31.45,54.78,-0.56,-28.54,1023.20,621.27,315.16,582.53
position_1,964.80,31.57,54.74,2.70,-15.51,1011.73,629.49,315.47,581.14
position_1,964.87,31.65,54.85,-1.48,-21.91,1026.33,625.62,304.87,580.16
position_1,964.86,31.58,55.14,3.04,-19.28,1030.37,625.60,310.84,580.02
position_1,964.94,31.55,55.57,5.66,-19.85,1018.61,622.76,298.75,576.07
position_1,964.90,31.73,55.66,14.15,-13.40,1025.15,624.52,308.71,588.74
position_1,965.00,31.48,55.42,12.06,-24.29,1021.08,624.95,313.42,568.49
position_1,965.00,31.69,54.38,-4.59,-26.39,1020.17,636.46,312.12,592.46
position_1,964.91,31.86,54.99,5.94,-12.85,1020.20,630.64,312.27,590.99
position_1,964.98,31.80,54.58,16.63,-35.05,1005.51,636.12,312.69,589.11
position_1,964.96,31.85,54.51,5.11,-25.87,1017.48,631.41,313.53,588.07
position_1,964.92,31.78,53.45,12.81,-19.12,1000.63,626.50,299.83,573.72
position_1,964.77,31.73,53.90,11.75,-24.83,1023.21,626.26,316.24,573.88
position_1,964.79,31.76,53.53,11.39,-13.87,1015.46,623.57,314.56,589.76
position_1,964.77,31.91,53.56,1.64,-20.49,1023.92,617.07,313.54,574.88
position_1,964.77,31.87,52.92,10.76,-21.75,1019.86,625.05,309.41,590.47
position_1,964.78,31.96,52.75,9.02,-11.79,1009.15,628.85,303.56,580.59
position_1,964.86,31.86,52.78,23.46,-19.27,1013.73,617.63,303.85,578.49
position_1,964.88,31.83,52.97,2.38,-23.26,1013.72,623.93,309.00,581.04
position_1,964.89,31.78,53.81,8.54,-24.36,1024.91,619.88,312.98,576.13
position_1,964.79,31.62,53.59,29.47,-17.76,1020.67,619.41,303.63,567.75
position_1,964.93,31.57,54.27,7.04,-28.41,1003.53,629.22,302.60,575.20
position_1,964.76,31.52,53.33,24.60,-11.59,1015.93,621.06,307.54,580.41
position_1,964.93,31.36,53.44,4.30,-21.95,1018.06,622.43,306.87,572.24
position_1,965.00,31.55,53.37,16.30,-3.59,1016.58,627.12,302.84,586.85
position_1,964.96,31.47,54.39,7.02,-21.09,1020.58,624.02,298.94,581.69
position_1,964.98,31.45,53.74,19.69,-17.11,1021.35,610.17,306.59,584.58
position_1,965.11,31.40,53.03,18.14,-25.76,1023.03,625.56,306.07,575.09
position_1,965.07,31.43,53.82,25.78,-21.75,1007.09,619.60,305.04,576.85
position_1,965.03,31.16,53.47,8.15,-22.06,1020.40,626.07,300.96,574.28
position_1,965.11,31.24,53.02,10.10,-16.37,1015.59,623.26,308.38,571.77
position_1,964.95,31.27,53.26,14.43,-22.32,999.24,614.93,315.57,575.68
position_1,964.93,31.38,52.67,15.21,-10.76,1012.96,624.46,304.79,571.39
position_1,964.96,31.28,53.19,-5.53,-13.34,1019.97,626.74,301.33,571.86
position_1,964.84,31.38,51.88,11.70,-14.13,1026.35,638.27,292.71,570.46
position_1,964.85,31.29,53.52,4.37,-25.42,1013.55,623.99,301.14,573.24
position_1,964.84,31.35,52.75,-3.85,-14.82,1003.95,624.65,308.75,586.00
position_1,964.86,31.33,52.62,-1.44,-10.81,1015.07,612.61,318.16,584.41
position_1,964.90,31.44,52.72,1.08,-24.15,1018.70,638.85,298.29,568.59
position_1,964.73,31.47,53.00,15.07,-27.16,1016.62,623.96,305.66,570.52
position_1,964.80,31.56,53.06,14.53,-31.75,1006.33,635.27,309.93,572.27
position_1,964.88,31.53,52.74,11.49,-17.53,1012.58,632.17,313.72,562.32
position_1,964.88,31.35,53.50,4.51,-18.50,1013.85,618.76,301.56,569.86
position_1,964.98,31.59,53.38,7.39,-26.77,1024.25,633.50,293.66,576.43
position_1,965.01,31.80,53.09,4.14,-15.72,1019.87,631.44,309.63,565.27
position_1,965.08,31.71,53.15,4.10,-29.19,1015.37,632.38,292.95,576.48
position_1,965.03,31.69,53.28,27.53,-29.06,1025.21,621.22,300.46,577.93
position_1,965.02,31.54,53.01,2.37,-28.10,1023.16,619.82,304.85,576.60
position_1,964.90,31.91,53.17,8.39,-10.35,1013.29,619.04,299.59,570.43
position_1,964.92,31.81,52.31,16.82,-20.49,1010.05,622.91,295.48,578.15
position_1,964.98,31.69,52.64,23.81,-16.50,1016.29,625.46,302.84,575.85
position_1,964.80,31.63,53.22,10.92,-25.78,1021.97,620.09,307.54,574.10
position_1,964.80,31.57,51.90,9.27,-16.04,1026.23,618.34,304.09,586.17
position_1,964.82,31.58,52.23,13.30,-45.57,1008.98,620.17,312.44,586.01
position_1,964.86,31.32,52.81,20.03,-31.02,1018.52,629.31,301.72,575.22
position_1,964.80,31.28,52.69,10.31,-22.87,1042.05,616.58,302.50,584.52
position_1,964.74,31.25,52.70,13.54,-26.70,1015.87,617.67,282.80,578.98
position_1,964.76,31.32,53.21,-9.09,-20.41,1011.75,623.02,303.72,576.18
position_1,964.77,31.24,53.24,4.41,-16.86,1011.16,616.45,308.98,590.32
position_1,964.77,31.18,53.61,20.00,-27.13,1019.39,622.97,302.70,578.91
position_1,964.74,31.33,53.20,4.25,-22.34,1017.56,621.33,309.70,582.14
position_1,964.66,31.20,53.40,0.68,-39.74,1026.51,633.36,304.61,573.84
position_1,964.77,31.28,54.09,-7.04,-26.70,1016.79,624.32,301.84,589.87
position_1,964.72,31.38,53.86,-6.13,-54.31,1018.12,622.40,300.29,573.10
position_1,964.60,31.38,53.75,-6.40,-12.52,1003.75,630.80,308.96,579.79
position_1,964.56,31.35,53.92,4.20,-28.23,1022.22,627.02,306.91,578.34
position_1,964.63,31.29,53.45,20.24,-31.51,1022.01,629.06,305.82,574.45
position_1,964.70,31.39,52.55,0.42,-18.10,1023.33,627.90,298.76,573.86
position_1,964.76,31.54,52.89,-2.78,-22.13,1020.29,642.52,302.40,583.87
position_1,964.74,31.73,53.18,8.40,-12.81,1026.42,639.67,312.63,579.98
position_1,964.64,31.57,52.84,-8.74,-22.05,1027.80,626.67,300.80,581.43
position_1,964.64,31.67,52.83,0.42,-16.88,1012.32,624.58,299.64,576.64
position_1,964.62,31.62,53.21,-1.23,-26.39,1007.91,622.83,304.43,578.32
position_1,964.60,31.72,53.10,9.96,-6.42,1015.48,630.93,300.98,568.56
position_1,964.58,31.69,52.54,7.18,-36.10,1014.17,626.40,307.41,574.66
position_1,964.59,31.56,52.54,-4.03,-18.62,1020.27,625.17,304.42,584.24
position_1,964.61,31.49,53.38,-1.83,-32.05,1011.97,634.18,299.17,578.77
position_1,964.57,31.48,53.00,2.44,-24.36,1036.26,617.03,308.31,575.07
position_1,964.51,31.44,53.09,13.80,-19.73,1013.86,635.82,303.84,577.74
position_1,964.53,31.68,53.35,-3.43,-15.03,992.92,630.58,284.13,581.29
position_1,964.60,31.63,52.91,3.01,-18.78,1024.68,626.02,295.65,572.81
position_1,964.38,31.63,53.02,15.28,-26.93,1021.22,626.42,292.25,580.21
position_1,964.52,31.86,53.18,-5.27,-19.38,1013.11,626.79,298.07,580.39
position_1,964.55,31.89,52.94,-2.21,-20.76,1008.66,627.71,304.58,580.47
position_1,964.58,31.76,52.71,0.87,-33.64,1009.43,626.96,300.64,582.48
position_1,964.52,31.68,53.14,5.98,-36.49,1025.60,636.56,301.63,584.70
position_1,964.47,31.56,52.77,8.00,-23.88,1017.86,630.09,298.57,589.61
position_1,964.58,31.65,52.74,8.07,-21.86,1016.72,630.62,297.28,578.10
position_1,964.49,31.59,53.73,21.29,-24.90,1018.62,626.85,292.86,579.66
position_1,964.39,31.62,53.05,14.38,-25.72,1018.12,626.66,309.00,575.93
position_1,964.39,31.63,53.93,14.80,-31.12,1006.93,630.87,287.23,583.34
position_1,964.41,31.75,53.50,0.22,-31.92,1033.48,627.44,300.52,576.77
position_1,964.35,31.79,53.84,11.55,-13.81,1010.64,636.78,301.42,569.62
position_1,964.25,31.75,54.27,8.91,-36.43,1011.65,631.64,300.83,578.82
position_1,964.35,31.71,53.98,7.17,-7.43,1023.78,626.85,296.81,577.33
position_1,964.31,31.55,54.24,26.07,-23.64,1016.44,629.32,285.51,592.37
position_1,964.37,31.55,53.97,3.52,-34.03,1021.88,628.83,301.20,586.72
position_1,964.40,31.68,54.16,12.37,-36.30,1022.58,625.14,305.76,573.36
position_1,964.38,31.52,53.91,20.89,-31.68,1016.37,618.14,297.47,577.81
position_1,964.29,31.75,53.00,-2.80,-30.93,1007.32,638.55,302.30,583.89
position_1,964.32,31.73,53.38,-1.81,-31.13,1004.39,624.86,306.46,569.26
position_1,964.27,31.81,53.16,0.78,-24.94,1013.25,630.76,296.14,579.94
position_1,964.31,31.61,53.13,-3.15,-24.54,1000.81,628.12,294.03,584.99
position_1,964.31,31.50,52.93,18.39,-30.02,1003.65,624.34,295.85,586.06
position_1,964.25,31.69,53.61,12.07,-24.99,1032.49,630.16,303.67,579.19
position_1,964.15,31.58,53.93,17.15,-21.05,1027.82,621.18,313.91,576.16
position_1,964.01,31.61,54.29,9.25,-18.09,1027.57,629.57,304.50,585.56
position_1,964.11,31.52,54.82,6.37,-30.93,1028.13,628.04,310.38,564.72
position_1,964.12,31.56,55.07,13.69,-17.35,1026.51,626.30,310.65,583.43
position_1,964.08,31.44,54.79,14.93,-36.21,1021.83,640.26,294.54,581.27
position_1,964.08,31.42,54.46,1.66,-5.74,1020.93,625.05,297.83,575.82
position_1,964.03,31.27,55.09,3.95,-21.86,1029.54,627.46,305.12,587.37
position_1,964.00,31.33,54.30,20.46,-19.19,1017.99,636.72,314.34,574.90
position_1,964.13,31.37,55.05,2.83,-44.70,1026.08,629.60,293.75,580.15
position_1,964.21,31.48,55.25,-9.60,-10.34,1018.78,630.72,309.11,577.32
position_1,964.08,31.40,55.29,1.59,-31.32,1012.85,623.95,304.33,578.66
position_1,964.11,31.60,55.12,-2.96,-25.30,1023.95,627.73,310.47,577.77
position_1,964.15,31.57,55.56,10.16,-16.76,1028.68,624.15,297.18,579.06
position_1,964.03,31.42,55.92,4.15,-17.88,1013.88,628.53,307.29,583.49
position_1,963.98,31.38,54.98,2.76,-24.24,1024.71,632.51,296.37,563.72
position_1,964.02,31.34,55.40,-1.13,-8.27,1013.60,641.56,299.60,569.69
position_1,963.93,31.25,55.01,11.23,-21.85,1012.37,629.91,311.87,574.52
position_1,964.09,31.11,54.67,13.04,-15.46,1040.08,623.51,310.37,581.59
position_1,964.07,31.08,54.90,8.78,-3.09,1011.66,633.43,300.05,561.94
position_1,964.24,31.03,55.28,10.54,-15.41,1017.22,618.02,301.52,574.38
position_1,964.14,31.10,55.79,4.00,-20.80,1027.82,616.33,300.82,573.24
position_1,964.11,31.09,55.84,-7.86,-23.79,1021.06,625.32,303.65,575.03
position_1,964.13,31.04,55.28,2.13,-22.01,1032.88,631.08,288.32,576.25
position_1,964.17,31.35,55.04,13.93,-21.01,1015.20,628.47,302.08,572.92
position_1,964.25,31.27,55.05,8.25,-16.44,1020.81,618.53,299.99,569.98
position_1,964.20,31.21,56.00,10.19,-17.30,1020.68,621.20,307.36,574.78
position_1,964.24,31.31,55.87,13.57,-25.88,1022.57,619.77,299.22,581.42
position_1,964.34,31.16,54.93,-3.20,-18.21,1025.04,612.10,284.65,565.34
position_1,964.21,31.22,55.44,4.63,-22.43,1025.55,611.06,305.09,573.65
position_1,964.15,31.00,55.20,-0.36,-15.86,1025.14,628.80,299.63,572.03
position_1,964.01,31.06,55.70,8.05,-18.56,1032.10,627.43,290.51,583.18
position_1,964.11,30.95,55.63,9.72,-15.94,1018.83,626.15,299.21,562.54
position_1,964.16,30.89,55.27,19.63,-21.74,1008.48,637.54,293.68,580.91
position_1,964.02,30.71,55.34,-7.26,-16.57,1016.90,635.60,297.11,585.27
position_1,964.20,30.93,55.78,-2.75,-14.78,1018.40,628.12,298.29,585.39
position_1,964.09,30.82,55.35,19.91,-12.05,1027.29,633.26,290.86,586.04
position_1,964.07,30.90,54.81,4.58,-19.94,1032.02,613.83,310.58,585.50
position_1,964.05,31.02,54.86,6.88,-16.96,1027.45,620.08,296.95,569.98
position_1,964.10,30.99,55.37,3.53,-14.35,1026.04,627.36,294.99,572.41
position_1,964.10,30.83,54.79,6.14,-30.33,1014.00,624.25,303.41,566.57
position_1,963.99,30.94,54.44,-0.96,-27.19,1022.95,633.27,296.22,572.81
position_1,964.07,30.94,53.34,9.77,-33.24,1028.84,622.84,297.45,580.56
position_1,964.00,30.88,54.16,6.79,-12.68,1024.80,612.70,300.81,574.74
position_1,963.97,30.85,53.45,1.57,-31.04,1031.06,617.12,292.78,555.02
position_1,963.93,30.71,53.60,-6.62,-20.84,1005.01,622.95,294.99,563.14
position_1,963.98,30.60,52.77,-0.36,-15.72,1044.51,613.75,296.50,573.64
position_1,963.95,30.68,54.04,2.07,-29.75,1015.49,614.94,286.55,564.13
position_1,963.89,30.81,52.84,4.33,-11.86,1025.84,611.37,296.84,582.56
position_1,964.04,30.86,52.68,1.60,-32.45,1020.20,617.88,303.46,578.14
position_1,964.05,30.76,52.92,14.40,-24.07,1028.00,612.06,309.17,570.74
position_1,963.97,30.78,53.08,12.90,-9.59,1007.78,624.50,299.85,573.73
position_1,964.01,30.69,52.32,7.89,-12.25,1027.33,612.14,294.54,571.69
position_1,964.00,30.59,52.46,-1.04,-24.79,1010.73,629.62,305.75,572.48
position_1,964.03,30.39,52.26,9.50,-10.04,1026.54,615.68,292.32,570.64
position_1,964.10,30.18,52.32,-1.41,-17.62,1025.94,619.72,294.87,575.91
position_1,964.00,30.14,51.92,1.03,-6.29,1007.68,609.11,304.29,574.41
position_1,964.04,30.17,51.40,-0.96,-15.93,1026.59,616.25,297.55,569.00
position_1,964.01,29.88,52.45,-9.59,-20.79,1021.90,624.49,298.40,574.02
position_1,964.01,29.93,52.14,-0.64,-23.53,1020.43,618.08,301.86,571.02
position_1,963.93,30.01,52.31,-9.62,-32.56,1006.86,621.69,301.18,575.39
position_1,963.80,29.92,52.53,4.25,-25.40,1017.49,612.81,296.13,569.17
position_1,963.80,30.01,52.17,10.14,-35.55,1022.97,615.62,296.93,577.19
position_1,963.87,30.01,52.56,7.10,-24.14,1020.28,615.33,306.21,580.21
position_1,963.92,30.21,51.82,0.86,-14.41,1014.55,619.57,297.82,573.82
position_1,964.02,30.36,51.54,2.81,-30.98,1024.13,621.54,292.62,570.45
position_1,963.95,30.41,52.25,7.30,-11.39,1023.24,616.26,301.91,576.80
position_1,963.97,30.42,51.28,4.32,-26.43,1020.02,607.89,309.20,573.36
position_1,963.90,30.44,52.21,7.33,-26.40,1036.65,615.18,301.38,571.04
position_1,963.99,30.33,52.52,18.68,-17.27,1029.05,617.36,300.60,567.30
position_1,963.91,30.47,52.39,-1.91,-23.21,1013.31,626.56,295.70,572.52
position_1,963.94,30.42,52.73,4.39,-16.15,1011.07,615.59,311.73,569.48
position_1,964.09,30.58,51.42,-3.42,-25.74,1018.57,607.01,307.75,573.77
position_1,964.00,30.50,51.95,6.97,-20.43,1016.62,618.63,291.71,560.09
position_1,963.96,30.66,51.86,3.98,-10.02,1024.34,620.74,296.25,573.63
position_1,964.01,30.63,50.86,8.33,-15.91,1009.22,622.72,292.85,562.67
position_1,963.89,30.65,50.87,1.85,-16.48,1017.98,614.44,299.48,573.76
position_1,963.95,30.65,51.28,12.16,-20.22,1015.29,614.42,306.14,573.57
position_1,963.97,30.73,51.77,0.64,-20.41,1022.40,620.15,293.13,572.43
position_1,963.98,30.65,51.51,8.88,-12.78,1011.65,615.31,298.31,563.75
position_1,964.02,30.89,52.17,2.02,-13.24,1021.00,612.05,299.21,568.90
position_1,963.94,30.99,52.64,21.54,-20.12,1027.53,605.36,302.05,572.70
position_1,963.94,31.01,52.34,7.79,-24.45,1033.91,626.92,296.72,576.62
position_1,964.00,30.96,52.67,5.03,-13.88,1021.48,622.00,302.82,576.97
position_1,963.98,31.15,52.74,-8.52,-19.43,1033.99,610.86,293.04,576.33
position_2,965.58,31.51,48.92,13.61,-32.89,1015.87,413.23,257.73,-209.34
position_2,965.54,31.62,48.42,1.56,-33.93,1020.28,422.24,274.00,-201.15
position_2,965.56,31.62,48.13,14.37,-33.83,1013.37,420.68,270.56,-199.62
position_2,965.59,31.69,48.04,0.74,-15.61,1022.41,410.95,267.59,-202.74
position_2,965.62,31.72,48.05,8.36,-21.48,1021.71,404.91,269.85,-205.52
position_2,965.52,31.74,48.57,7.93,-27.30,1019.11,411.08,281.83,-209.64
position_2,965.66,31.73,48.77,14.63,-14.35,1020.31,417.70,267.65,-209.98
position_2,965.59,31.73,49.03,8.31,-31.63,1030.16,411.99,265.13,-204.73
position_2,965.61,31.74,49.26,11.79,-25.67,1014.44,421.86,258.93,-213.81
position_2,965.56,31.93,49.32,6.37,-12.88,1021.44,423.22,260.09,-207.04
position_2,965.73,31.75,49.38,7.40,-27.42,1005.50,422.41,275.59,-210.80
position_2,965.62,31.77,48.96,-1.47,-14.64,1027.59,415.46,260.61,-206.09
position_2,965.72,31.81,49.47,9.46,-26.19,1023.17,419.95,263.60,-192.82
position_2,965.74,31.77,49.02,4.13,-8.63,1014.03,412.87,276.70,-217.76
position_2,965.75,31.65,49.05,14.15,-20.69,1028.19,411.94,273.96,-200.27
position_2,965.79,31.99,48.85,14.27,-15.24,1032.53,415.84,265.32,-200.80
position_2,965.78,32.02,49.00,7.47,-16.97,1029.69,407.08,268.35,-209.41
position_2,965.82,32.06,49.39,3.60,-34.89,1024.27,403.93,267.05,-198.35
position_2,965.66,31.92,49.43,12.81,-26.29,1020.05,420.35,265.08,-201.98
position_2,965.60,32.05,48.54,-5.08,-17.33,1028.95,414.17,270.62,-195.82
position_2,965.55,32.37,48.68,11.29,-13.53,1027.76,412.25,259.00,-203.14
position_2,965.57,32.24,49.10,10.70,-23.44,1030.04,416.99,258.51,-207.50
position_2,965.61,32.33,47.85,-1.00,-18.00,1021.82,409.53,275.56,-207.69
position_2,965.64,32.68,48.69,13.58,-33.88,1017.14,409.10,271.15,-211.37
position_2,965.72,32.69,49.01,20.02,-4.31,1028.39,407.49,276.37,-208.84
position_2,965.60,32.90,48.04,15.33,-3.29,1017.20,408.42,273.24,-203.16
position_2,965.78,32.84,47.83,0.43,-13.46,1015.82,419.36,260.64,-210.37
position_2,965.65,32.75,47.56,14.38,-14.89,1042.62,412.97,267.50,-216.38
position_2,965.78,32.76,46.40,-16.19,-4.75,1030.37,411.24,273.27,-202.37
position_2,965.86,32.95,46.81,15.86,-12.75,1035.00,409.01,268.68,-201.79
position_2,965.78,33.02,46.54,21.35,-34.67,1024.85,412.05,273.10,-201.78
position_2,965.94,32.82,46.96,-0.55,-19.69,1018.87,402.98,266.28,-209.18
position_2,965.87,32.90,46.95,8.55,-11.34,1017.50,413.62,270.79,-205.34
position_2,965.91,32.86,46.88,-0.86,-8.04,1011.90,408.82,265.51,-195.96
position_2,966.02,32.85,46.21,3.14,-6.86,1018.40,419.82,259.41,-203.54
position_2,965.94,32.95,46.98,13.24,-26.05,1024.55,416.65,259.72,-208.98
position_2,965.83,33.08,46.64,2.64,-28.06,1020.78,413.56,260.53,-195.90
position_2,965.90,32.85,46.63,4.62,-26.15,1007.48,415.78,264.25,-197.80
position_2,965.74,32.81,46.88,8.55,-14.95,1026.34,409.98,263.01,-203.99
position_2,965.78,32.91,47.42,-6.51,-21.46,1015.78,408.02,272.76,-203.51
position_2,965.76,32.98,47.82,19.52,-15.25,1032.79,407.76,277.79,-212.71
position_2,965.81,32.80,47.87,4.08,-11.73,1021.38,413.25,272.00,-195.10
position_2,965.77,32.72,46.99,-0.87,-10.60,1005.52,401.65,275.58,-198.33
position_2,965.78,32.77,47.83,8.37,-18.74,1026.51,402.33,283.38,-192.89
position_2,965.83,32.92,47.48,-2.38,-8.54,1011.28,402.23,267.81,-209.41
position_2,965.80,32.91,47.40,-9.82,-13.02,1017.73,412.00,281.20,-209.83
position_2,965.68,32.73,46.87,5.67,-3.89,1011.59,416.90,268.98,-196.75
position_2,965.57,32.68,46.64,5.09,-15.60,1029.74,405.90,271.80,-196.06
position_2,965.65,32.67,46.85,15.11,-6.18,1013.14,412.52,270.11,-198.48
position_2,965.65,32.89,46.99,5.71,-19.65,1007.49,416.74,284.72,-203.12
position_2,965.67,32.68,47.45,8.30,-27.18,1016.00,414.99,263.79,-203.82
position_2,965.72,32.76,46.98,16.84,-12.41,1031.66,409.55,273.52,-202.71
position_2,965.64,32.68,48.00,5.18,-15.81,1029.56,410.62,267.18,-186.58
position_2,965.53,32.76,47.99,19.63,-18.81,1025.54,400.05,274.81,-193.01
position_2,965.54,32.64,48.70,11.51,-5.40,1019.00,418.25,272.24,-191.07
position_2,965.53,32.73,48.66,10.96,-7.73,1018.12,412.64,270.12,-202.25
position_2,965.62,32.70,48.36,16.52,-17.86,1013.36,400.76,274.66,-201.03
position_2,965.61,32.85,49.70,15.83,-33.12,1007.44,408.92,285.38,-197.50
position_2,965.59,32.79,48.97,1.12,-14.36,1027.46,409.16,288.34,-203.71
position_2,965.67,32.80,48.51,9.98,-25.49,1024.15,412.36,275.38,-202.79
position_2,965.69,32.92,48.74,10.36,-22.12,1037.25,410.97,276.37,-203.88
position_2,965.75,32.96,49.12,21.69,-8.69,1009.71,408.18,279.90,-202.00
position_2,965.78,32.88,49.56,9.35,-3.44,1018.26,406.97,267.55,-197.72
position_2,965.66,32.90,49.41,15.70,-15.56,1005.52,404.30,279.20,-191.03
position_2,965.85,32.94,49.88,12.71,-12.50,1013.73,403.80,269.83,-201.00
position_2,965.77,32.86,49.60,2.36,-11.97,1008.43,397.62,280.09,-208.32
position_2,965.78,32.93,49.68,20.90,-22.17,1020.69,402.43,277.42,-203.81
position_2,965.87,32.80,49.08,2.99,-24.13,1016.56,402.40,276.45,-199.84
position_2,965.90,32.93,48.89,23.13,-22.64,1009.91,409.02,277.73,-199.23
position_2,965.87,32.92,49.02,8.33,-6.07,1013.17,411.14,271.46,-213.91
position_2,965.84,32.80,49.30,9.03,-15.97,1010.89,404.95,280.36,-202.55
position_2,965.69,32.81,49.73,5.87,-26.72,1011.98,404.85,289.15,-191.19
position_2,965.73,32.91,49.56,9.33,-32.80,1019.42,403.04,277.26,-204.11
position_2,965.77,32.76,49.23,12.16,-6.48,1011.53,402.77,281.16,-206.08
position_2,965.66,32.71,50.33,6.07,-24.17,1011.85,410.08,285.69,-202.48
position_2,965.78,32.82,50.57,1.25,3.56,1010.05,407.80,273.75,-201.52
position_2,965.74,32.75,50.64,9.25,-16.49,1021.38,400.24,283.35,-205.22
position_2,965.88,32.70,50.28,13.35,-16.73,1011.25,400.50,277.35,-212.76
position_2,965.67,32.94,50.09,-7.67,-11.30,1008.73,406.80,285.50,-217.96
position_2,965.71,32.85,50.27,-1.72,-19.20,1027.69,396.73,278.62,-202.73
position_2,965.65,32.92,50.23,21.88,-29.88,1013.83,410.14,283.17,-196.80
position_2,965.65,32.78,49.89,18.20,-10.81,1013.19,408.99,270.01,-201.66
position_2,965.56,32.65,49.64,0.39,4.98,1016.43,408.46,277.42,-195.86
position_2,965.64,32.92,49.18,6.37,-21.23,1020.38,409.64,277.74,-204.90
position_2,965.65,32.90,49.17,24.65,-8.74,1016.84,410.47,277.74,-206.38
position_2,965.71,32.92,49.00,-2.27,-13.90,1011.46,407.05,269.23,-193.81
position_2,965.73,33.05,49.03,3.48,-20.48,1022.12,411.31,283.11,-202.99
position_2,965.77,33.12,48.70,13.41,-21.04,1024.90,405.54,273.78,-202.49
position_2,965.55,33.07,48.53,8.23,-4.52,1012.86,399.06,271.43,-213.48
position_2,965.63,33.31,48.85,19.34,-11.50,1010.40,419.18,288.52,-202.61
position_2,965.82,33.27,48.61,41.14,-12.23,1015.29,399.40,271.48,-208.83
position_2,965.76,33.36,48.96,17.01,-4.48,1020.14,406.62,262.27,-203.45
position_2,965.78,33.30,48.86,5.74,-21.65,1006.80,405.76,276.08,-197.25
position_2,965.97,33.39,50.00,-1.53,-20.00,1012.98,397.36,281.26,-194.02
position_2,965.90,33.30,50.26,4.24,-14.10,1015.24,402.21,280.83,-199.22
position_2,965.93,33.55,50.31,14.30,-13.24,1014.82,408.75,285.07,-198.58
position_2,965.86,33.59,49.20,22.37,-4.26,1017.09,404.80,276.63,-199.76
position_2,965.85,33.66,49.29,6.69,-26.03,1011.15,412.95,275.70,-197.80
position_2,965.79,33.59,49.33,19.06,-23.37,1012.20,399.68,272.11,-199.50
position_2,965.91,33.66,48.91,5.12,-11.03,1020.74,399.72,280.57,-194.73
position_2,965.89,33.59,49.10,14.38,-33.21,1026.94,404.61,280.23,-182.63
position_2,965.77,33.67,48.72,26.26,-17.39,1022.32,406.52,275.32,-191.52
position_2,965.71,33.88,48.83,16.99,-12.96,1020.26,405.84,277.68,-196.01
position_2,965.81,33.91,48.38,12.91,-14.22,1026.09,403.52,281.09,-199.09
position_2,965.77,33.82,48.57,24.08,-4.60,1018.73,402.54,278.76,-191.92
position_2,965.72,33.86,48.76,20.71,-15.73,998.78,401.33,270.53,-192.28
position_2,965.67,33.81,48.54,17.89,-18.26,1011.79,402.64,280.56,-179.71
position_2,965.69,33.82,47.90,6.75,-11.57,1003.93,389.96,271.20,-190.20
position_2,965.79,33.71,47.58,11.27,-28.66,1016.28,409.17,288.48,-181.91
position_2,965.73,33.67,47.83,12.20,-23.94,1012.81,403.35,281.12,-195.99
position_2,965.77,33.78,47.53,6.11,-27.44,1019.22,398.07,270.03,-207.65
position_2,965.84,33.86,47.20,11.39,-30.09,1016.86,418.98,279.13,-199.34
position_2,965.82,34.02,47.59,28.35,-6.83,1009.85,405.08,277.69,-202.07
position_2,965.80,34.09,47.72,6.43,-3.60,1033.55,397.68,298.62,-187.51
position_2,965.67,34.25,47.87,-2.90,-13.31,1008.36,387.31,283.78,-206.00
position_2,965.64,34.08,47.84,9.11,-15.50,1019.76,403.23,281.38,-197.31
position_2,965.66,34.25,48.44,9.64,-11.58,1012.75,395.85,281.12,-195.58
position_2,965.57,34.21,48.28,11.84,-20.36,1032.75,394.96,282.86,-192.92
position_2,965.54,34.26,48.09,28.08,-21.97,1031.81,397.23,286.75,-190.72
position_2,965.44,34.26,47.78,9.44,-20.48,1023.05,403.24,287.53,-201.32
position_2,965.45,34.33,47.83,20.60,-20.98,1016.65,396.42,288.42,-184.02
position_2,965.58,34.32,48.27,28.25,-21.38,1020.01,404.64,286.26,-193.41
position_2,965.61,34.31,47.55,4.24,-15.59,1021.60,404.38,287.24,-195.07
position_2,965.51,34.36,48.23,19.31,-13.69,1015.07,398.83,286.97,-188.83
position_2,965.71,34.39,47.22,12.63,-19.15,1018.24,402.29,283.72,-191.89
position_2,965.68,34.39,48.23,18.77,-24.21,1012.92,392.29,283.93,-189.98
position_2,965.57,34.42,48.12,9.62,-15.03,1009.94,397.42,289.20,-190.29
position_2,965.53,34.46,47.44,7.84,-18.85,1022.01,404.85,267.82,-201.59
position_2,965.45,34.32,47.99,10.30,-19.99,1036.54,405.47,280.79,-199.29
position_2,965.49,34.45,47.29,14.07,-11.71,1021.28,409.64,280.60,-190.84
position_2,965.49,34.23,48.53,5.01,-15.82,1019.04,405.68,287.82,-202.18
position_2,965.50,34.24,47.52,2.50,-28.57,1014.17,398.29,282.92,-188.45
position_2,965.54,34.17,47.10,16.44,-29.05,1016.71,396.50,286.53,-198.96
position_2,965.49,34.14,46.93,9.70,-24.49,1004.79,402.54,281.36,-185.97
position_2,965.58,33.99,46.74,18.69,-30.30,1012.49,403.63,283.47,-189.20
position_2,965.66,34.10,47.64,-0.21,-17.12,1012.91,394.40,297.58,-188.08
position_2,965.61,34.24,47.91,27.17,-7.50,1006.12,387.83,282.86,-199.83
position_2,965.66,34.31,47.87,16.00,-11.19,1025.71,402.91,284.34,-192.51
position_2,965.62,34.49,48.59,15.55,-15.39,1019.69,405.30,289.50,-186.83
position_2,965.63,34.32,49.06,13.96,-22.47,1025.63,403.33,288.89,-186.37
position_2,965.70,34.45,48.59,7.87,-22.49,1010.12,398.75,284.87,-194.92
position_2,965.72,34.45,48.72,10.64,-22.18,1018.77,394.64,282.14,-188.15
position_2,965.79,34.50,48.55,20.10,-33.09,1003.45,391.32,280.72,-200.57
position_2,965.65,34.44,48.42,19.52,-22.79,1022.09,403.84,291.25,-181.00
position_2,965.65,34.32,49.09,3.75,-20.99,1016.07,400.05,291.43,-185.74
position_2,965.69,34.26,48.50,21.85,-7.91,1007.12,404.87,291.75,-189.64
position_2,965.67,34.43,48.54,17.77,-40.37,1020.11,405.01,298.28,-193.28
position_2,965.68,34.41,49.15,5.33,-20.60,1018.27,400.40,289.71,-190.79
position_2,965.58,34.15,48.59,15.46,-25.62,1024.06,396.81,278.58,-181.26
position_2,965.47,34.18,48.45,0.91,-29.00,1010.21,405.95,282.47,-195.76
position_2,965.42,34.10,49.18,6.68,-15.53,1019.40,397.44,279.53,-187.35
position_2,965.41,34.07,49.57,11.29,-18.00,1006.51,395.95,288.05,-189.38
position_2,965.42,33.93,48.63,9.91,-16.28,1002.54,404.52,279.72,-199.20
position_2,965.46,34.07,49.19,15.96,-43.73,1014.56,403.91,274.32,-193.72
position_2,965.52,34.25,49.61,11.80,-20.39,1023.08,412.99,275.36,-183.44
position_2,965.54,34.29,49.09,6.44,-34.37,1013.35,397.62,281.12,-185.89
position_2,965.50,34.27,49.48,29.31,-27.03,1023.16,397.40,280.28,-190.87
position_2,965.51,34.30,49.70,20.69,-20.77,1003.86,392.97,280.43,-200.55
position_2,965.60,34.41,49.55,24.90,-9.66,1026.15,397.46,280.12,-189.42
position_2,965.53,34.40,49.35,10.39,-17.75,1007.86,397.39,280.62,-192.63
position_2,965.66,34.36,48.59,16.65,-23.80,1014.95,397.04,271.39,-183.94
position_2,965.68,34.53,48.32,19.23,-19.82,1013.27,399.96,290.99,-193.60
position_2,965.63,34.50,48.22,16.03,-23.75,1022.49,401.56,284.12,-196.74
position_2,965.51,34.37,48.07,4.24,-16.38,1020.12,392.06,288.61,-189.10
position_2,965.45,34.27,48.71,7.21,-23.63,1020.76,400.60,282.78,-183.53
position_2,965.52,34.24,49.34,7.77,-22.64,1024.29,399.30,286.04,-200.75
position_2,965.52,34.31,49.07,32.63,-20.28,1008.50,386.81,283.38,-191.00
position_2,965.55,34.35,48.63,15.95,-19.64,1016.17,408.65,286.35,-185.82
position_2,965.50,34.32,48.55,14.51,-24.70,1017.23,396.89,281.84,-195.22
position_2,965.69,34.43,48.49,18.36,-20.63,1009.44,411.94,289.43,-185.98
position_2,965.56,34.45,47.96,11.58,-35.98,1012.60,408.31,279.24,-192.60
position_2,965.66,34.22,47.96,10.00,-20.75,1013.67,400.38,285.32,-194.55
position_2,965.58,34.16,46.99,19.93,-28.47,1017.06,411.87,282.34,-196.48
position_2,965.58,34.11,48.33,3.13,-31.28,1021.10,406.25,278.16,-200.02
position_2,965.54,33.96,47.44,20.23,-29.22,1015.32,409.63,278.52,-197.91
position_2,965.49,34.20,47.86,3.92,-19.92,1009.58,417.71,285.75,-195.25
position_2,965.57,34.35,47.63,-2.35,-42.21,1013.24,409.91,280.83,-201.90
position_2,965.47,34.27,47.27,30.90,-24.86,1017.87,405.92,290.09,-194.10
position_2,965.50,34.10,47.85,11.55,-20.70,998.92,413.12,270.64,-191.31
position_2,965.51,34.21,48.14,13.34,-21.43,1004.46,415.32,274.34,-193.28
position_2,965.56,34.05,47.76,25.69,-2.35,1022.02,402.07,282.10,-178.69
position_2,965.50,34.22,47.51,8.60,-18.26,1002.01,408.22,272.82,-185.89
position_2,965.53,34.21,47.18,11.28,-14.39,1029.61,418.80,276.23,-196.83
position_2,965.35,34.42,47.08,18.34,-23.24,1016.88,409.87,286.17,-189.25
position_2,965.51,34.25,47.58,21.23,-21.15,1012.18,412.12,275.50,-188.90
position_2,965.45,34.38,47.83,16.16,-14.86,1024.71,402.92,271.14,-196.69
position_2,965.42,34.51,47.49,6.54,-26.54,1017.94,406.33,273.09,-199.89
position_2,965.45,34.41,46.93,26.70,-22.30,1011.26,402.31,273.51,-188.42
position_2,965.38,34.44,47.20,11.23,-31.37,1004.89,404.95,273.92,-188.59
position_2,965.41,34.49,46.56,8.01,-16.64,1019.71,409.93,276.48,-187.81
position_2,965.45,34.49,46.58,33.33,-20.24,1026.10,405.13,286.21,-200.28
position_2,965.35,34.45,46.65,17.93,-23.84,1020.93,407.68,273.34,-189.41
position_2,965.46,34.27,46.80,20.91,-17.87,1007.98,409.50,285.97,-199.09
position_2,965.35,34.34,47.08,15.98,-17.89,1018.53,412.73,281.45,-193.90
position_2,965.38,34.28,46.99,19.07,-30.32,1016.14,400.99,268.48,-197.87
position_2,965.33,34.26,46.73,25.94,-28.71,1012.72,405.10,279.03,-188.30
position_2,965.36,34.29,47.11,37.15,-24.01,1002.32,409.21,272.39,-192.76
position_2,965.32,34.34,47.34,13.27,-22.61,1012.26,400.47,270.51,-197.50
position_2,965.32,34.18,47.00,9.69,-20.23,1006.47,403.33,277.01,-192.24
position_2,965.19,34.23,46.82,27.77,-26.35,1023.81,413.53,274.29,-198.18
position_2,965.29,34.32,46.80,10.09,-19.07,1022.60,407.07,276.86,-192.23
position_2,965.31,34.24,46.32,25.01,-21.87,1020.58,396.98,273.86,-190.25
position_2,965.31,34.17,46.73,12.44,-21.56,1017.91,420.58,280.35,-191.87
position_2,965.20,34.06,46.23,3.16,-23.30,1017.27,405.78,280.45,-198.03
position_2,965.10,34.10,46.43,15.45,-20.31,1016.46,412.53,273.17,-204.72
position_2,965.18,34.20,47.22,13.64,-33.39,1002.16,407.55,274.36,-201.79
position_2,965.29,34.23,47.09,15.82,-29.39,1008.73,404.73,262.31,-185.81
position_2,965.32,34.08,47.75,33.13,-31.72,1013.60,410.98,279.44,-190.39
position_2,965.31,34.04,47.73,10.28,-36.00,1012.51,414.41,271.04,-206.42
position_2,965.31,33.83,47.61,17.28,-23.43,1015.97,418.23,278.14,-198.87
position_2,965.14,33.77,48.16,5.16,-7.58,1008.29,406.64,283.87,-197.05
position_2,965.20,33.77,47.64,-0.42,-25.13,1010.25,405.89,280.64,-194.43
position_2,965.21,33.78,48.12,28.28,-29.62,1017.79,403.70,278.65,-208.03
position_2,965.27,33.86,48.97,21.86,-17.75,1010.40,410.95,276.37,-195.41
position_2,965.22,33.78,48.59,9.51,-23.32,1009.43,405.39,264.54,-195.39
position_2,965.36,33.85,49.20,14.39,-12.13,1002.04,416.73,263.41,-201.52
position_2,965.26,33.84,49.08,13.76,-22.77,1006.75,420.04,275.63,-189.95
position_2,965.28,33.59,49.39,5.63,-15.17,1011.10,403.05,271.07,-189.31
position_2,965.34,33.64,49.14,5.13,-12.99,1023.12,406.81,261.05,-203.35
position_2,965.22,33.59,49.96,0.63,-13.47,1016.54,403.97,273.03,-191.86
position_2,965.29,33.60,50.33,7.41,-37.74,1009.34,411.80,276.25,-198.76
position_2,965.20,33.62,50.27,15.51,-18.68,1002.09,405.63,273.96,-191.89
position_2,965.20,33.78,50.40,21.21,-22.65,1002.37,415.45,266.88,-196.91
position_2,965.20,33.72,49.93,19.91,-12.35,1010.93,415.60,275.35,-199.43
position_2,965.28,33.68,50.12,16.30,-31.87,1007.56,407.00,276.98,-208.39
position_2,965.17,33.65,50.38,11.39,-20.85,1013.19,420.84,275.04,-201.58
position_2,965.12,33.87,51.05,17.13,-34.52,1026.66,419.96,267.54,-206.26
position_2,965.22,33.85,50.18,7.63,-24.03,1004.36,402.82,261.09,-185.80
position_2,965.18,33.95,51.10,14.41,-30.18,1022.30,414.84,269.49,-198.44
position_2,965.19,34.06,50.44,11.16,-42.38,1004.39,408.85,275.47,-200.28
position_2,965.10,34.02,50.92,5.62,-22.54,986.60,420.73,265.56,-196.34
position_2,965.10,34.08,50.53,-4.29,-2.98,1008.31,403.25,274.86,-188.64
position_2,965.14,34.13,50.31,0.18,-8.99,1014.59,406.37,272.36,-199.18
position_2,965.08,34.24,50.40,21.57,-28.52,1010.95,411.82,273.62,-191.88
position_2,964.94,34.41,49.28,1.18,-22.92,1004.18,413.64,266.22,-181.97
position_2,964.92,34.32,50.41,8.05,-26.90,1008.74,411.57,269.27,-192.51
position_2,964.95,34.33,50.72,14.25,-28.15,1002.19,406.73,268.77,-203.56
position_2,964.98,34.28,50.34,15.75,-4.71,1020.42,415.69,269.54,-187.92
position_2,964.99,34.23,50.67,-0.18,-20.13,1012.90,405.29,277.43,-199.26
position_2,964.97,34.36,50.28,6.11,-21.89,1003.75,417.15,265.69,-199.33
position_2,964.96,34.51,50.47,16.07,-13.04,1014.08,405.85,269.35,-196.08
position_2,964.95,34.41,50.04,6.88,-29.12,1009.73,400.11,265.75,-198.46
position_2,965.04,34.35,50.63,24.55,-36.01,1013.71,407.63,268.45,-191.18
position_2,964.93,34.33,51.03,13.65,-24.18,1018.99,406.47,264.02,-196.29
position_2,964.90,34.26,51.44,7.71,-19.98,1012.73,398.41,278.25,-196.63
position_2,964.91,34.21,51.10,12.68,-15.46,1005.24,404.31,261.64,-195.55
position_2,964.82,34.07,51.31,12.05,-12.34,1018.07,414.04,269.72,-187.58
position_2,964.98,33.95,51.33,14.09,-20.49,1013.40,400.17,264.34,-185.25
position_2,964.88,33.92,50.42,14.85,-17.53,1009.98,406.24,265.66,-191.73
position_2,965.05,33.86,50.12,16.16,-18.33,1013.46,404.49,266.15,-183.95
position_2,964.94,33.87,50.52,-1.83,-9.71,1014.68,419.47,261.40,-203.46
position_2,964.79,33.77,50.88,3.20,-9.89,1021.94,415.19,265.94,-183.89
position_2,964.92,33.72,50.25,2.40,-25.86,1019.32,404.45,260.31,-195.40
position_2,964.81,33.62,50.85,13.83,-13.91,1004.57,415.99,271.96,-200.01
position_2,964.90,33.50,50.11,1.95,-10.34,1011.40,402.55,259.57,-192.86
position_2,964.87,33.50,50.33,18.64,-6.73,1008.76,405.90,270.50,-184.43
position_2,964.91,33.56,49.50,5.83,-27.88,1031.10,404.88,273.60,-201.44
position_2,964.77,33.70,50.07,0.85,-17.27,1019.70,418.27,265.05,-195.86
position_2,964.81,33.63,49.06,10.59,-15.85,999.33,403.72,270.42,-189.86
position_2,964.80,33.58,48.71,5.61,-17.02,1012.54,417.10,267.81,-188.14
position_2,964.85,33.41,48.37,15.97,-20.62,1008.47,411.60,262.75,-194.39
position_2,964.99,33.44,47.43,17.68,-15.46,1004.05,400.88,275.83,-192.19
position_2,965.07,33.42,47.45,1.13,-18.55,1021.94,409.63,265.07,-192.97
position_2,965.06,33.17,47.15,15.26,-10.35,1034.38,416.00,272.29,-188.79
position_2,965.01,32.92,47.45,19.03,-21.76,1004.09,410.03,267.01,-185.11
position_2,965.03,33.05,46.84,-0.29,-24.90,1025.14,413.12,274.10,-196.31
position_2,964.97,32.98,47.45,9.27,-18.03,1026.01,412.20,264.42,-200.41
position_2,964.99,32.88,47.27,19.14,-31.10,1006.97,418.36,271.14,-189.93
position_2,965.04,33.11,47.39,25.97,-32.29,1008.47,411.89,270.62,-194.34
position_2,964.98,32.95,46.88,13.26,-26.28,1002.15,419.45,269.35,-187.27
position_2,965.06,33.13,46.83,20.87,-21.14,1016.13,409.41,264.52,-193.63
position_2,965.11,33.17,47.63,4.26,-21.10,994.90,416.49,259.56,-197.47
position_2,965.05,33.20,47.77,20.71,-26.34,1016.52,413.13,263.93,-195.31
position_2,965.10,33.27,48.38,10.74,-22.42,998.08,415.24,263.15,-196.04
position_2,965.14,33.34,48.68,20.14,-26.19,1014.10,414.72,266.01,-195.19
position_2,965.04,33.38,48.46,13.22,-26.29,1013.09,420.89,272.23,-191.09
position_2,965.04,33.47,48.41,4.66,-27.69,1004.01,413.85,267.74,-197.35
position_2,964.96,33.22,48.99,9.49,-22.25,1014.09,419.63,272.96,-189.56
position_2,965.02,33.26,49.07,2.64,-24.49,1013.47,403.84,265.22,-193.73
position_2,965.04,33.22,48.37,10.95,-35.52,1008.78,415.13,263.28,-192.80
position_2,965.00,33.58,48.63,9.79,-16.88,1003.31,411.56,269.43,-186.27
position_2,965.04,33.41,48.56,-9.50,-23.63,1011.96,423.88,271.73,-191.97
position_2,965.14,33.56,48.69,3.63,-29.30,1025.43,415.64,266.91,-190.05
position_2,965.07,33.61,49.44,10.21,-23.55,1011.85,422.43,264.14,-191.97
position_2,965.06,33.78,49.63,-5.40,-27.09,1018.98,404.88,275.07,-194.45
position_2,964.96,33.52,48.53,-4.56,-25.06,1000.69,422.09,252.13,-195.92
position_2,964.95,33.56,49.00,18.59,-17.31,1020.28,417.76,259.79,-189.25
position_2,964.83,33.51,49.18,8.02,-25.38,1027.86,407.94,266.38,-179.67
position_2,964.73,33.66,49.81,2.21,-35.52,1009.70,415.82,264.58,-190.59
position_2,964.67,33.60,49.48,27.72,-41.89,1005.71,424.30,260.80,-192.87
position_2,964.72,33.75,49.37,11.22,-26.34,1005.35,415.70,262.78,-182.77
position_2,964.62,33.74,50.26,-6.42,-22.86,1020.64,412.60,273.02,-201.95
position_2,964.67,33.82,50.03,3.20,-27.63,1010.91,410.66,256.55,-180.75
position_2,964.62,33.73,50.30,3.07,-23.56,1012.82,413.25,266.38,-192.41
position_2,964.69,33.61,49.51,0.75,-32.33,1014.58,415.53,259.19,-203.04
position_2,964.59,33.67,50.13,5.27,-25.67,1002.21,425.11,267.19,-182.44
position_2,964.51,33.90,49.47,2.05,-39.03,1018.74,428.55,264.95,-205.17
position_2,964.48,33.81,50.05,-2.75,-27.02,1004.68,428.01,268.97,-189.01
position_2,964.50,33.79,49.26,-12.14,-22.14,1027.85,410.09,265.97,-190.42
position_2,964.51,33.89,49.51,-10.65,-33.35,1010.76,423.20,261.27,-187.07
position_2,964.61,33.94,49.63,4.86,-12.49,1022.48,427.29,258.13,-198.92
position_2,964.73,33.78,49.85,3.58,-21.74,1011.86,415.00,274.37,-204.32
position_2,964.61,33.74,49.78,13.43,-25.53,1007.87,427.41,263.85,-193.31
position_2,964.62,33.81,50.80,-3.04,-24.77,1010.74,433.99,272.21,-188.45
position_2,964.73,33.76,50.68,11.51,-27.45,1011.08,423.51,267.17,-198.91
position_2,964.76,33.77,49.95,-19.80,-20.51,1000.84,426.72,266.73,-205.56
position_2,964.74,33.77,48.94,0.32,-19.17,1003.18,420.70,261.59,-194.91
position_2,964.80,33.82,49.57,0.26,-35.80,1018.87,421.11,271.40,-196.07
position_2,964.67,33.87,49.26,-2.75,-15.07,1016.97,411.88,270.04,-215.58
position_2,964.65,33.96,50.29,6.12,-38.54,1014.43,426.90,267.52,-194.21
position_2,964.70,33.77,51.02,-5.52,-19.06,1004.43,428.21,261.11,-200.42
position_2,964.64,33.61,50.21,5.62,-36.72,1018.84,428.62,268.50,-192.33
position_2,964.67,33.65,50.58,8.62,-31.42,1000.60,435.47,265.94,-205.22
position_2,964.60,33.78,50.07,-1.54,-28.00,1023.41,416.17,278.73,-194.72
position_2,964.81,33.83,49.52,-0.25,-26.35,1002.21,417.71,267.69,-203.00
position_2,964.85,33.87,49.44,8.01,-16.93,1011.18,419.81,263.96,-210.42
position_2,964.85,33.70,49.71,-7.25,-16.63,1006.22,425.88,270.16,-213.66
position_2,964.75,33.65,50.23,14.08,-18.23,1019.68,419.44,274.40,-201.05
position_2,964.70,33.43,49.81,0.16,-14.53,995.96,419.22,260.89,-197.18
position_2,964.76,33.55,48.95,14.37,-35.91,1007.21,426.88,261.01,-201.42
position_2,964.72,33.45,49.44,2.88,-36.63,1019.13,419.78,256.86,-205.61
position_2,964.91,33.51,49.79,10.55,-38.22,1010.17,414.98,262.82,-197.22
position_2,964.79,33.41,50.11,-7.08,-16.49,1023.76,423.63,258.54,-206.99
position_2,964.85,33.45,50.53,0.26,-17.57,1014.35,424.59,264.00,-217.52
position_2,964.90,33.40,50.50,19.41,-23.68,1023.96,420.38,272.07,-200.28
position_2,964.73,33.26,50.89,6.27,-20.85,1010.86,421.63,254.22,-202.14
position_2,964.82,33.20,50.91,16.68,-21.65,1004.93,413.08,259.76,-186.56
position_2,964.90,33.09,51.50,6.56,-27.37,1012.00,420.96,255.65,-204.06
position_2,964.92,33.19,51.72,6.88,-25.04,1020.05,421.44,257.62,-205.04
position_2,964.86,33.03,51.46,7.21,-35.59,1018.61,422.71,265.65,-192.28
position_2,964.81,33.04,52.02,-3.73,-19.70,1012.28,419.08,263.93,-204.03
position_2,964.80,32.92,52.42,6.77,-21.60,1012.40,423.31,261.40,-198.26
position_2,964.81,32.96,52.35,13.02,-28.80,1019.18,424.48,265.09,-204.80
position_2,964.84,33.01,52.40,15.19,0.07,1008.93,426.93,270.35,-211.43
position_2,964.65,33.01,52.05,14.92,-15.72,997.56,429.59,270.67,-190.17
position_2,964.87,33.09,51.99,16.80,-34.17,1001.51,409.72,270.38,-201.02
position_2,964.88,33.26,51.45,16.71,-18.83,1013.48,431.26,263.27,-211.42
position_2,964.81,33.23,51.38,13.49,-15.56,1011.77,438.25,277.48,-198.16
position_2,964.82,33.12,51.20,20.42,-30.16,1014.14,431.66,264.24,-201.19
position_2,964.79,33.14,51.09,13.00,-25.28,1009.55,429.49,265.39,-202.63
position_2,964.84,33.26,51.20,24.40,-22.42,1025.33,430.97,267.01,-191.54
position_2,965.02,33.18,51.26,0.38,-16.12,1012.36,429.48,267.28,-209.05
position_2,965.14,33.23,51.28,9.53,-12.86,1015.56,427.99,271.05,-206.31
position_2,965.15,33.10,51.39,4.42,-22.14,1012.27,426.40,261.37,-194.12
position_2,965.02,33.06,51.11,-1.40,-13.44,1007.13,422.89,265.71,-201.53
position_2,965.14,33.14,51.86,-0.97,-11.89,1004.86,418.78,262.68,-210.07
position_2,965.16,33.21,51.17,22.79,-11.99,1020.58,421.34,254.77,-190.11
position_2,965.12,33.09,51.40,20.99,-39.35,1004.18,428.85,269.38,-200.22
position_2,965.03,33.08,50.80,16.26,-38.06,1010.46,422.27,257.73,-194.99
position_2,965.10,33.15,51.15,7.70,-24.23,1013.45,429.66,256.96,-215.41
position_2,965.05,33.06,50.96,11.24,-28.39,1018.77,421.89,273.17,-195.08
position_2,965.21,33.25,51.90,5.40,-25.54,1014.42,435.95,275.26,-202.59
position_2,965.19,33.28,51.00,7.99,-27.23,1014.55,433.57,258.67,-204.88
position_2,965.12,33.38,50.81,15.57,-38.28,1004.80,429.86,261.39,-206.64
position_2,965.21,33.33,51.19,9.05,-14.57,1023.31,440.11,270.85,-207.52
position_2,965.20,33.22,51.04,18.07,-28.98,1010.89,427.49,276.43,-190.66
position_2,965.19,33.49,51.15,12.38,-34.66,991.68,428.71,269.11,-199.57
position_2,965.24,33.29,51.02,25.28,-23.87,1004.95,437.59,263.15,-209.66
position_2,965.26,33.41,50.53,12.82,-31.45,1014.32,418.60,263.75,-207.82
position_2,965.34,33.21,50.24,18.95,-29.99,1010.12,430.44,264.57,-207.30
position_2,965.33,33.40,50.93,6.22,-12.00,1016.46,429.01,275.64,-198.58
position_2,965.32,33.46,50.32,9.32,-20.26,1021.39,425.45,266.08,-191.67
position_2,965.24,33.34,50.25,12.03,-31.23,1011.01,422.67,269.79,-194.17
position_2,965.36,33.38,50.09,5.00,-27.00,1004.52,420.83,265.66,-190.42
position_2,965.26,33.36,50.55,17.42,-24.91,1005.86,420.62,265.04,-209.06
position_2,965.28,33.34,50.30,29.04,-13.77,1016.58,411.11,266.52,-200.84
position_2,965.27,33.36,50.29,22.10,-19.00,1009.17,433.55,252.96,-192.63
position_2,965.28,33.10,50.54,11.41,-35.44,1016.84,415.66,261.28,-183.54
position_2,965.33,32.94,50.04,23.31,-28.43,1023.20,421.07,263.79,-195.93
position_2,965.35,33.01,50.16,15.69,-22.30,1012.06,420.01,277.45,-188.76
position_2,965.36,32.93,50.08,8.99,-25.15,1014.78,420.30,274.11,-195.14
position_2,965.32,32.93,50.13,23.32,-14.30,1016.18,423.79,250.98,-192.83
position_2,965.42,32.97,50.02,19.34,-25.56,1007.57,423.03,259.69,-196.79
position_2,965.30,32.96,49.45,9.58,-25.24,1013.54,420.41,265.39,-193.40
position_2,965.28,32.86,49.27,18.66,-3.92,1013.87,424.63,259.60,-202.85
position_2,965.41,32.79,49.10,21.40,-16.10,1006.99,423.12,267.52,-199.83
position_2,965.43,32.85,50.00,4.93,-20.71,1018.00,422.09,267.15,-197.33
position_2,965.36,32.96,49.87,11.66,-24.58,992.38,424.48,259.05,-193.93
position_2,965.52,33.08,49.34,19.50,-34.09,1013.24,432.42,259.99,-197.06
position_2,965.50,33.05,48.57,5.93,-24.10,1001.20,425.13,258.06,-182.81
position_2,965.47,33.01,49.22,-10.30,-15.45,1014.25,427.78,275.55,-195.70
position_2,965.53,33.10,49.30,22.50,-9.72,1006.24,435.13,274.27,-194.34
position_2,965.53,33.06,48.98,16.55,-23.46,1020.27,431.34,266.26,-201.82
position_2,965.55,33.07,48.34,12.85,-24.11,1007.34,416.22,261.33,-207.19
position_2,965.45,33.18,48.57,8.16,-22.57,1015.69,433.22,263.93,-198.78
position_2,965.45,33.35,48.36,27.22,-25.32,1015.11,420.14,270.65,-194.38
position_2,965.52,33.16,49.35,3.83,-27.55,1007.53,434.23,263.60,-204.95
position_2,965.46,33.08,48.92,13.82,-23.41,1010.70,419.79,259.42,-205.59
position_2,965.59,33.11,49.04,0.87,-24.26,1014.78,422.85,267.65,-188.43
position_2,965.56,33.06,48.82,13.46,-18.95,1004.14,417.28,258.90,-203.95
position_2,965.67,32.85,49.11,6.73,-24.09,1004.92,425.62,266.74,-200.49
position_2,965.52,32.90,49.87,9.86,-16.16,1017.80,418.02,269.36,-197.92
position_2,965.44,32.78,49.58,11.02,-16.61,1018.12,424.62,266.71,-192.82
position_2,965.39,32.88,49.23,4.25,-33.74,1018.10,421.73,263.20,-198.69
position_2,965.37,32.76,49.64,17.52,-11.19,1015.52,429.24,265.72,-198.41
position_2,965.39,32.69,49.23,11.74,-37.15,1013.41,438.93,266.34,-191.22
position_2,965.39,32.61,48.57,11.86,-32.96,998.69,433.95,260.88,-201.15
position_2,965.43,32.61,48.91,-9.61,-32.26,1015.88,433.67,261.20,-195.29
position_2,965.57,32.59,48.63,12.31,-30.97,1012.07,422.59,267.13,-192.25
position_2,965.43,32.49,49.14,7.46,-33.34,1030.11,430.16,265.02,-192.54
position_2,965.38,32.42,49.10,10.31,-23.78,1023.28,431.07,269.02,-197.96
position_2,965.56,32.39,48.87,2.61,-19.33,1011.08,433.23,269.22,-191.80
position_2,965.28,32.23,49.27,-6.01,-16.99,1019.74,435.22,261.72,-204.75
position_2,965.34,32.31,49.05,-6.88,-12.01,996.57,437.70,268.10,-200.57
position_2,965.24,32.44,48.86,11.27,-3.18,1012.58,429.98,260.71,-194.62
position_2,965.23,32.41,49.00,2.53,-31.13,1017.10,428.60,258.68,-203.24
position_2,965.33,32.38,48.84,5.58,-19.13,1012.38,422.09,261.55,-207.82
position_2,965.27,32.49,48.88,19.30,-15.51,988.88,423.37,267.17,-201.66
position_2,965.31,32.52,50.27,2.07,-16.06,1017.90,429.82,264.89,-195.98
position_2,965.41,32.45,50.40,-3.84,-22.79,1014.99,433.42,260.42,-197.99
position_2,965.39,32.44,50.76,-0.78,-21.16,1022.06,430.79,281.12,-194.58
position_2,965.44,32.37,50.99,17.39,-13.56,1012.46,423.77,258.70,-196.99
position_2,965.59,32.39,51.32,12.29,-27.82,1016.27,416.55,266.31,-204.01
position_2,965.52,32.52,51.72,11.97,-19.33,1019.55,430.08,267.35,-192.35
position_2,965.61,32.52,51.53,5.90,-28.34,1003.15,428.80,257.08,-199.36
position_2,965.59,32.65,51.14,3.51,-21.07,1006.21,409.46,258.77,-192.99
position_2,965.66,32.56,51.13,8.76,-30.29,1013.32,426.94,266.86,-195.23
position_2,965.71,32.63,51.22,19.18,-36.68,1004.59,429.92,266.26,-198.93
position_2,965.65,32.52,50.75,-6.82,-11.88,980.95,422.21,270.52,-200.66
position_2,965.61,32.64,50.67,-2.49,-28.37,1007.70,422.11,266.01,-192.07
position_2,965.61,32.49,50.58,8.37,-20.23,1012.64,425.41,275.32,-188.90
position_2,965.65,32.68,50.74,7.80,-24.13,1026.50,440.28,260.40,-193.97
position_2,965.73,32.48,50.89,10.27,-14.44,1021.53,425.44,259.00,-201.19
position_2,965.77,32.27,51.05,3.63,-20.04,994.04,430.27,260.29,-197.55
position_2,965.67,32.24,51.03,8.25,-39.71,1003.82,421.82,259.20,-198.89
position_2,965.78,32.25,49.89,8.31,-35.19,1017.92,426.16,260.86,-188.29
position_2,965.72,32.07,50.61,-5.37,-25.05,1018.45,425.76,267.60,-194.27
position_2,965.67,32.10,50.22,-3.51,-14.06,1024.29,419.28,259.41,-198.19
position_2,965.64,32.15,50.69,-1.61,-19.50,1020.18,422.24,275.53,-205.93
position_2,965.71,31.91,50.69,-0.55,-19.67,1005.01,422.04,267.84,-190.56
position_2,965.53,31.81,50.22,13.60,-16.00,999.85,425.46,260.63,-194.27
position_2,965.73,31.98,50.97,7.87,-30.51,1010.24,430.84,256.70,-202.95
position_2,965.72,32.01,50.56,-2.85,-14.11,1025.84,430.75,261.91,-196.54
position_2,965.86,32.01,51.20,7.39,-10.51,1019.71,432.63,262.10,-203.19
position_2,965.97,32.06,51.42,5.67,-16.79,1011.33,429.02,260.13,-203.76
position_2,965.88,32.25,51.16,-3.28,-15.62,1030.26,425.60,261.48,-199.04
position_2,965.85,32.46,51.25,4.79,-15.13,1000.79,423.08,266.35,-188.08
position_2,965.96,32.32,50.80,20.05,-13.37,1011.47,427.65,270.01,-198.16
position_2,965.90,32.45,51.15,-2.21,-20.68,1002.40,436.20,269.06,-200.97
position_2,965.94,32.86,51.82,9.44,-16.61,1015.47,429.19,259.90,-197.56
position_2,965.99,32.84,51.83,11.36,-17.19,1005.64,426.59,259.48,-195.48
position_2,965.90,32.77,52.28,-2.38,-12.86,1016.30,419.86,267.19,-184.55
position_2,965.90,32.90,52.98,3.59,-35.95,1009.81,432.84,268.36,-191.15
position_2,965.80,33.06,53.09,-6.40,-16.23,1022.48,436.12,260.34,-196.49
position_2,965.81,33.15,52.30,0.58,-29.33,1018.70,435.64,260.91,-189.69
position_2,965.79,33.07,52.95,-5.75,-20.40,1011.68,421.16,260.99,-186.74
position_2,965.79,32.99,52.73,-16.59,-24.19,1018.32,432.16,263.40,-193.13
position_2,965.73,33.19,52.80,4.26,-20.42,1021.83,435.29,254.66,-185.16
position_2,965.83,33.21,52.88,-3.01,-19.67,1007.94,437.04,267.48,-197.97
position_2,965.83,33.16,53.09,-4.96,-11.96,1010.52,437.29,258.07,-191.91
position_2,965.92,33.28,53.57,2.95,-14.92,1007.05,428.10,258.90,-192.10
position_2,965.94,33.46,53.08,-9.06,-17.15,1004.77,428.18,263.25,-192.12
position_2,966.03,33.59,53.84,2.60,-36.96,1008.31,435.86,275.56,-187.58
position_2,965.99,33.52,53.32,8.32,-21.77,1010.51,429.73,273.65,-191.25
position_2,965.95,33.32,52.71,-8.95,-30.36,1020.18,427.54,261.41,-187.66
position_2,965.88,33.39,54.01,9.37,-12.59,1006.45,416.87,264.73,-185.11
position_2,965.98,33.05,53.81,-5.85,-9.11,1014.73,434.50,274.61,-188.20
position_2,965.97,33.18,53.83,-3.50,-21.67,1021.07,434.54,272.77,-183.27
position_2,966.03,33.09,54.25,16.62,-33.96,1006.23,438.74,260.25,-194.95
position_2,965.97,33.28,54.62,4.88,-5.86,1014.17,429.41,274.65,-185.87
position_2,966.04,33.31,53.40,5.35,-28.19,1020.55,434.59,261.00,-194.38
position_2,966.03,33.39,53.75,3.56,-25.54,1025.51,429.40,267.01,-189.38
position_2,966.14,33.60,53.64,2.64,-23.60,1012.73,416.89,260.26,-191.72
position_2,966.19,33.62,53.58,-2.33,-31.96,1028.30,438.28,261.21,-199.63
position_2,966.23,33.53,53.98,14.59,-34.84,1016.56,450.11,251.65,-190.97
position_2,966.25,33.61,54.39,-0.10,-18.54,990.86,434.16,276.58,-183.97
position_2,966.15,33.61,54.12,-1.32,-24.34,1021.65,428.46,265.64,-195.56
position_2,966.14,33.72,54.29,14.19,-26.56,1021.16,431.56,262.33,-199.85
position_2,966.14,33.68,54.06,-13.69,-33.20,1018.52,442.24,260.15,-201.68
position_2,966.17,33.99,53.43,-9.53,-9.17,1015.41,427.31,262.46,-197.64
position_2,966.01,34.03,53.99,0.59,-6.07,1004.34,428.02,261.37,-194.29
position_2,966.02,34.04,53.78,-16.40,-13.50,1016.04,425.27,259.29,-182.17
position_2,965.98,34.07,54.47,12.28,-28.57,1015.52,416.87,267.65,-190.96
position_2,966.16,33.94,53.81,0.01,-22.68,1010.69,429.95,271.27,-196.89
position_2,966.06,34.19,53.60,3.84,-33.18,1017.82,423.53,272.84,-181.10
position_2,965.90,34.18,54.51,0.10,-13.12,1026.09,432.06,261.97,-188.91
position_2,966.07,34.08,53.19,2.57,-13.26,1028.22,420.44,264.68,-186.47
position_2,965.94,34.03,54.20,0.93,-13.37,997.87,427.13,263.95,-195.63
position_2,965.82,34.07,53.44,-16.46,-23.66,1011.80,425.20,263.05,-190.58
position_2,965.87,34.28,54.03,-4.12,-24.62,1022.98,427.94,265.06,-189.46
position_2,965.95,34.42,52.94,-2.49,-26.14,1018.58,416.38,261.99,-192.93
position_2,965.99,34.42,52.23,3.51,-22.94,1011.94,434.72,270.43,-186.44
position_2,965.93,34.41,53.52,-0.84,-27.15,1014.62,433.35,273.21,-190.92
position_2,966.12,34.41,53.39,-14.35,-23.93,1005.43,435.21,265.44,-192.02
position_2,966.07,34.46,52.90,5.17,-28.42,1020.25,427.50,258.76,-192.92
position_2,966.13,34.55,52.48,-11.98,-26.43,1012.39,429.27,273.73,-187.53
position_2,966.03,34.51,52.92,5.06,-29.01,1014.58,422.66,256.64,-186.24
position_2,965.92,34.41,53.16,4.88,-29.72,1023.42,432.99,260.02,-191.33
position_2,966.09,34.38,53.53,3.83,-21.13,1020.38,440.15,262.49,-196.55
position_2,965.92,34.41,52.65,1.47,-35.32,1009.16,428.66,264.37,-191.04
position_2,966.00,34.27,53.11,-0.90,-22.84,1012.43,436.73,263.20,-194.22
position_2,965.89,34.32,53.29,-3.06,-30.18,1006.01,445.60,261.20,-199.02
position_2,965.89,34.41,53.13,8.75,-26.18,1007.88,425.40,258.99,-194.62
position_2,965.77,34.20,53.08,5.59,-37.13,1016.40,430.09,251.36,-203.84
position_2,965.78,34.20,53.18,-4.39,-12.96,1010.03,431.10,260.59,-178.84
position_2,965.72,34.40,53.15,-0.05,-34.02,1020.36,430.55,275.29,-197.56
position_2,965.78,34.07,52.71,-1.40,-24.16,1011.90,431.84,277.14,-197.94
position_2,965.68,34.11,53.25,0.28,-16.84,1021.51,437.57,256.94,-195.63
position_2,965.72,34.18,52.78,0.15,-14.84,1010.79,428.34,259.73,-197.01
position_2,965.72,34.21,53.53,-5.30,-37.91,1016.22,425.91,262.90,-198.05
position_2,965.77,34.10,53.38,-0.94,-23.48,1026.30,433.05,276.33,-195.86
position_2,965.75,34.06,52.85,2.27,-27.10,1015.18,417.60,265.58,-198.60
position_2,965.65,33.78,53.09,8.79,-26.67,1005.11,419.36,271.17,-201.77
position_2,965.70,34.06,52.19,-13.01,-26.42,1022.50,434.65,275.59,-188.85
position_2,965.72,33.90,52.25,-6.54,-6.32,1019.67,442.34,262.32,-193.99
position_2,965.79,33.93,51.33,-8.47,-3.06,1020.76,423.08,257.99,-194.91
position_2,965.81,33.87,51.92,12.58,-13.88,1005.79,431.02,270.92,-181.90
position_2,965.83,33.73,51.81,21.10,-24.95,1018.19,429.23,264.66,-198.24
position_2,965.84,33.89,51.91,10.14,-26.43,1018.12,434.34,264.40,-199.09
position_2,965.84,33.92,52.37,-6.62,-8.11,1021.49,429.72,259.20,-198.86
position_2,965.88,33.86,52.71,-15.18,-16.72,1021.19,442.38,268.32,-192.78
position_2,966.02,33.67,53.02,-12.99,-22.78,1023.19,427.61,268.20,-184.19
position_2,966.08,33.54,53.00,-13.81,-31.13,1018.89,425.97,270.23,-193.33
position_2,966.16,33.68,52.52,3.15,-11.45,1024.79,429.85,286.48,-191.53
position_2,966.12,33.88,52.92,9.49,-12.03,1017.12,427.75,262.21,-194.70
position_2,966.18,33.64,52.84,-7.79,-33.42,1014.33,434.86,271.89,-178.60
position_2,966.18,33.77,52.87,4.12,-20.50,1013.95,429.23,266.20,-185.63
position_2,966.25,33.63,53.49,13.78,-28.85,1022.88,434.65,264.34,-190.96
position_2,966.30,33.65,53.68,-1.34,-31.22,997.56,436.90,263.26,-189.83
position_2,966.24,33.75,53.62,2.03,-18.63,1015.68,437.11,258.48,-195.62
position_2,966.14,33.75,54.18,-0.33,-31.99,1010.88,423.50,252.39,-189.75
position_2,966.24,33.69,53.67,9.15,-18.04,1004.92,425.77,255.54,-185.01
position_2,966.15,33.43,54.05,5.56,-19.63,1019.83,425.80,259.07,-187.26
position_2,966.16,33.30,54.73,10.35,-8.18,1014.15,426.19,262.45,-189.49
position_2,966.11,33.28,54.35,9.90,-23.16,1026.09,427.02,256.48,-180.83
position_2,966.10,33.12,53.85,-3.16,-3.45,995.73,437.43,267.15,-194.45
position_2,966.09,33.21,53.48,5.86,-14.86,1019.74,422.75,270.61,-192.67
position_2,966.10,33.22,53.55,1.60,-30.57,1019.91,418.38,258.49,-188.36
position_2,966.16,33.21,53.53,2.82,-18.99,1013.99,417.78,270.37,-189.64
position_2,966.31,33.02,53.53,7.39,-25.93,1010.39,420.06,267.35,-200.57
position_2,966.35,33.12,53.65,-3.02,-13.73,1033.67,424.06,259.95,-193.14
position_2,966.31,33.12,53.41,-8.18,-22.04,1018.39,433.97,257.69,-194.79
position_2,966.25,33.05,53.41,4.72,-17.91,1024.67,421.21,264.55,-183.69
position_2,966.38,33.09,53.81,4.78,-25.51,1018.57,432.97,270.92,-204.51
position_2,966.32,33.18,53.63,-9.82,-7.13,1027.24,422.34,269.49,-199.30
position_2,966.27,33.15,53.95,1.82,-9.31,1010.93,429.35,265.72,-199.83
position_2,966.21,33.20,54.12,-5.94,-22.19,1005.10,429.59,275.76,-202.56
position_2,966.29,33.20,53.67,11.34,-27.75,1023.85,423.29,273.12,-206.56
position_2,966.26,33.24,53.26,7.49,-25.27,1018.61,422.31,261.31,-191.21
position_2,966.45,33.01,53.96,-1.52,-14.40,1014.15,425.30,260.36,-198.61
position_2,966.41,33.09,53.58,-7.36,-36.70,1035.17,419.50,260.91,-199.17
position_2,966.57,32.96,53.94,0.57,-21.37,1019.75,428.18,258.18,-197.83
position_2,966.55,33.12,53.46,4.04,-18.20,1013.95,428.44,263.56,-208.70
position_2,966.57,32.94,52.20,6.35,-25.88,1012.73,423.84,260.55,-202.08
position_2,966.52,33.21,53.23,-1.12,-13.00,1023.04,424.10,262.97,-202.93
position_2,966.46,33.01,52.67,18.93,-31.76,1024.64,421.87,269.11,-195.17
position_2,966.52,32.97,53.13,-4.51,-25.15,1009.59,429.49,271.18,-199.08
position_2,966.54,33.01,52.64,1.71,-25.26,1023.18,420.59,270.22,-187.75
position_2,966.45,32.89,52.77,-2.03,-6.88,1006.83,432.28,267.12,-201.84
position_2,966.51,32.94,53.13,-3.51,-36.95,1005.38,432.41,266.03,-191.11
position_2,966.49,32.75,52.56,2.64,-15.43,1022.09,424.56,275.26,-178.08
position_2,966.56,32.67,52.81,-14.72,-16.26,1010.72,425.99,267.35,-199.93
position_2,966.46,32.67,53.13,1.68,-8.68,1024.99,426.91,265.38,-205.52
position_2,966.47,32.87,53.05,-3.25,-16.25,1012.30,422.69,274.53,-200.08
position_2,966.49,32.95,52.38,-11.96,-22.97,1008.70,413.28,269.71,-199.80
position_2,966.50,33.05,52.94,15.14,-27.76,1025.56,420.96,274.11,-212.22
position_2,966.54,33.19,53.39,7.51,-11.13,1026.11,428.16,273.47,-191.38
position_2,966.71,33.04,53.10,-2.43,-17.54,1014.13,426.13,268.50,-202.45
position_2,966.72,32.90,53.13,-6.82,-19.49,1017.86,428.93,259.91,-194.59
position_2,966.77,32.77,52.78,-21.66,-25.25,1018.29,428.96,268.82,-202.95
position_2,966.76,32.85,52.48,8.55,-18.85,1009.03,422.71,278.29,-206.54
position_2,966.73,32.84,52.46,0.98,-18.02,1006.90,439.08,278.59,-203.97
position_2,966.91,32.73,52.49,20.42,-20.92,1015.16,424.56,282.01,-206.76
position_2,966.84,32.86,53.09,4.90,-14.27,1014.50,432.61,273.80,-205.78
position_2,966.73,32.77,52.66,6.41,-23.70,1012.12,435.53,272.20,-196.05
position_2,966.73,32.72,52.74,-14.20,-37.71,1018.94,440.79,277.28,-201.87
position_2,966.74,32.68,52.39,-5.04,-17.10,1007.84,436.47,283.89,-187.22
position_2,966.66,32.62,53.01,-2.86,-17.07,1025.66,431.00,278.22,-209.32
position_2,966.64,32.57,52.44,-4.35,-33.94,1016.96,425.17,269.21,-201.50
position_2,966.68,32.76,52.74,-3.26,-20.85,1014.88,424.72,263.18,-196.46
position_2,966.73,32.65,53.04,-6.68,-17.23,1020.34,438.75,279.73,-209.01
position_2,966.63,32.61,52.21,12.43,-28.56,1010.69,434.63,264.73,-206.96
position_2,966.59,32.60,52.49,-4.15,-18.47,1017.51,420.92,282.92,-203.37
position_2,966.61,32.52,52.42,-0.12,-25.06,1020.16,425.22,276.15,-189.85
position_2,966.55,32.66,52.66,2.14,-35.58,1018.33,436.24,271.20,-196.16
position_2,966.45,32.57,52.04,-6.42,-14.09,1012.52,440.08,267.28,-197.75
position_2,966.45,32.62,51.95,-6.72,-5.86,1020.21,434.73,267.68,-190.56
position_2,966.47,32.55,51.87,9.30,-33.56,1019.61,438.52,273.26,-195.45
position_2,966.38,32.52,51.15,0.37,-33.86,1026.10,424.69,275.43,-203.22
position_2,966.49,32.63,51.66,-14.78,-23.30,1025.71,428.50,263.38,-212.94
position_2,966.52,32.81,51.68,-7.11,-29.20,1019.21,416.63,254.03,-198.66
position_2,966.62,32.78,51.74,-10.98,-29.20,1025.27,428.98,265.14,-198.56
position_2,966.66,32.86,52.90,7.81,-23.43,1021.34,431.05,275.34,-209.17
position_2,966.70,33.05,52.26,-3.01,-18.57,1019.11,436.73,282.58,-201.82
position_2,966.58,32.98,51.73,6.41,-27.33,1009.18,428.74,276.81,-196.69
position_2,966.72,33.13,51.93,-4.88,-22.82,1029.68,431.59,271.65,-185.66
position_2,966.70,32.87,51.14,-2.51,-25.07,1025.46,409.01,274.42,-200.20
position_2,966.62,32.98,51.80,3.50,-19.98,1014.46,434.32,270.81,-205.37
position_2,966.58,32.94,50.50,10.20,-16.14,1013.13,428.58,267.22,-202.79
position_2,966.60,32.99,50.82,7.18,-35.63,1025.84,423.79,275.59,-193.83
position_2,966.53,33.15,51.45,8.85,-33.44,1018.29,424.11,282.20,-197.11
position_2,966.56,33.02,51.71,3.35,-30.29,1022.08,419.63,271.42,-201.70
position_2,966.56,32.95,51.32,-5.97,-29.93,1004.15,427.45,267.21,-203.27
position_2,966.45,32.98,51.28,1.92,-30.12,1005.24,424.79,275.13,-201.01
position_2,966.60,32.67,51.32,4.86,-22.34,1040.83,407.96,273.79,-200.30
position_2,966.54,32.77,51.68,18.19,-28.31,1006.55,425.57,273.37,-204.38
position_2,966.55,32.92,51.57,2.53,-40.97,1011.51,424.48,274.71,-208.07
position_2,966.62,33.12,51.41,6.60,-44.25,1028.99,414.63,283.16,-203.85
position_2,966.67,32.99,51.40,0.09,-35.53,1008.69,428.62,271.34,-199.93
position_2,966.54,32.96,52.84,0.07,-27.38,996.04,425.86,272.31,-186.04
position_2,966.65,32.99,52.74,-9.78,-26.93,1016.60,434.63,265.99,-211.42
position_2,966.59,33.03,52.15,5.03,-27.97,1025.48,429.95,264.06,-211.00
position_2,966.60,32.88,52.50,13.85,-26.88,1029.05,428.27,272.99,-201.02
position_2,966.54,32.82,52.72,3.18,-35.45,1024.60,424.69,268.16,-202.42
position_2,966.54,33.06,51.99,-2.46,-31.69,1018.50,431.96,268.98,-204.42
position_2,966.68,33.02,52.58,1.15,-25.38,1022.47,434.25,266.17,-190.42
position_2,966.85,33.09,52.15,-1.30,-28.94,1010.84,416.93,275.46,-194.05
position_2,966.73,33.15,52.18,3.99,-29.21,1013.31,427.09,266.71,-198.30
position_2,966.68,33.18,52.34,-0.90,-23.04,1016.83,428.28,267.22,-205.21
position_2,966.76,33.09,52.46,6.74,-20.65,1028.12,421.24,266.11,-197.52
position_2,966.70,33.25,51.54,2.60,-5.20,1020.96,436.10,269.47,-208.99
position_2,966.76,33.29,51.53,0.72,-26.22,1035.22,438.59,263.70,-203.40
position_2,966.81,33.29,52.61,1.39,-23.34,1023.32,438.55,272.39,-208.85
position_2,966.88,33.30,51.55,2.34,-16.24,1016.09,428.21,274.17,-194.49
position_2,966.88,33.59,51.93,6.54,-24.46,1024.98,432.87,273.56,-198.92
position_2,966.70,33.50,51.87,5.09,-35.28,1017.51,433.07,271.28,-201.23
position_2,966.83,33.47,52.32,-12.04,-28.00,1014.38,427.49,263.32,-201.41
position_2,966.79,33.57,52.50,-0.87,-32.90,1028.44,428.70,260.50,-200.10
position_2,966.78,33.56,52.96,-5.27,-27.73,1027.41,424.83,270.43,-201.00
position_2,966.79,33.59,53.06,-10.44,-23.91,1026.21,427.40,269.30,-197.91
position_2,966.67,33.61,53.81,4.16,-13.10,1008.05,438.10,278.58,-205.44
position_2,966.58,33.46,53.14,-4.86,-21.81,1030.63,433.52,259.72,-197.70
position_2,966.55,33.20,52.90,4.65,-24.37,1011.01,438.55,261.71,-199.65
position_2,966.59,33.40,53.06,4.28,-20.38,1028.60,425.50,264.42,-198.42
position_2,966.52,33.45,52.44,-2.74,-36.52,1017.26,423.61,266.21,-197.61
position_2,966.53,33.56,53.22,-3.88,-42.27,1025.63,428.96,265.92,-192.72
position_2,966.47,33.52,52.56,9.99,-37.23,1016.29,430.25,268.04,-191.93
position_2,966.51,33.48,52.04,9.81,-23.07,1002.42,428.61,260.58,-195.58
position_2,966.60,33.36,52.05,20.70,-28.64,1025.22,427.50,267.56,-202.84
position_2,966.58,33.30,52.34,15.18,-20.60,1018.20,432.09,256.27,-202.64
position_2,966.72,33.00,51.77,-1.01,-22.62,1008.01,425.91,263.00,-192.93
position_2,966.72,33.14,51.27,1.96,-28.19,1003.43,423.32,266.49,-202.62
position_2,966.63,33.00,51.53,6.00,-20.99,1023.12,421.65,258.01,-195.07
position_2,966.61,33.09,50.93,-9.42,-14.24,1012.23,431.29,253.83,-195.99
position_2,966.75,33.16,51.18,5.21,-41.90,1016.84,431.69,259.91,-202.53
position_2,966.64,33.06,50.72,7.20,-27.11,1023.62,434.38,259.73,-201.89
position_2,966.75,32.92,51.32,-4.72,-25.39,1020.49,433.56,267.82,-202.52
position_2,966.52,32.78,51.21,-0.84,-31.60,1014.38,425.16,259.26,-199.95
position_2,966.59,32.86,51.18,-9.79,-21.45,1019.31,431.33,251.94,-198.92
position_2,966.64,32.68,51.36,-2.83,-29.58,1015.34,424.95,268.47,-196.18
position_2,966.49,32.54,51.92,12.05,-38.21,1028.93,431.68,265.16,-191.38
position_2,966.49,32.53,52.40,-3.03,-25.82,998.92,429.72,255.31,-190.32
position_2,966.34,32.44,52.28,4.36,-13.96,1010.03,433.37,257.52,-199.00
position_2,966.37,32.44,52.04,-5.17,-11.89,1009.79,433.28,256.50,-196.37
position_2,966.48,32.35,51.31,3.60,-17.93,1005.65,440.31,266.58,-197.69
position_2,966.33,32.60,50.60,-3.13,-23.66,1022.84,432.69,251.93,-206.43
position_2,966.34,32.60,51.33,3.74,-26.16,1026.85,425.94,261.22,-190.72
position_2,966.25,32.53,51.04,-10.58,-35.48,1010.55,418.02,257.07,-196.98
position_2,966.26,32.70,51.92,-0.88,-26.08,1024.16,421.99,264.74,-207.74
position_2,966.27,32.65,51.88,4.28,-42.36,1008.12,432.50,263.94,-192.77
position_2,966.25,32.57,51.54,8.68,-27.18,1025.79,435.88,268.36,-202.68
position_2,966.15,32.49,50.83,-4.40,-25.98,1014.13,426.43,261.76,-195.15
position_2,966.39,32.32,52.03,-2.00,-31.24,1023.58,420.91,269.49,-188.51
position_2,966.33,32.38,51.91,0.66,-25.70,1018.50,420.10,256.80,-187.82
position_2,966.30,32.31,51.34,-3.12,-27.64,1028.77,442.08,264.88,-192.65
position_2,966.33,32.28,51.57,5.94,-22.96,1021.72,421.51,263.17,-199.79
position_2,966.27,32.22,51.19,2.42,-16.82,1026.37,430.19,263.89,-194.78
position_2,966.19,32.43,51.89,-3.93,-19.24,1017.12,438.34,262.87,-195.52
position_2,966.33,32.27,51.36,-0.86,-26.55,1016.07,433.06,259.88,-185.96
position_2,966.29,32.19,51.79,2.68,-28.98,1017.62,421.27,257.05,-192.41
position_2,966.25,32.12,51.58,-6.83,-24.79,1024.98,423.62,265.71,-189.79
position_2,966.38,32.03,51.52,1.86,-37.54,1031.07,421.45,244.74,-200.93
position_2,966.45,31.88,53.00,-2.15,-14.93,1003.62,430.26,254.28,-195.02
position_2,966.49,31.91,52.44,12.70,-29.26,1028.97,446.01,275.67,-192.42
position_2,966.49,31.97,53.05,10.13,-38.09,1017.28,428.03,262.07,-197.17
position_2,966.50,32.05,52.03,7.29,-23.86,1004.19,420.92,260.32,-196.67
position_2,966.38,32.38,51.98,10.31,-33.91,1001.63,424.27,271.43,-187.43
position_2,966.47,32.21,51.72,12.65,-21.04,1023.75,427.60,259.43,-201.18
position_2,966.38,32.30,52.27,10.44,-39.16,997.18,429.71,259.57,-200.44
position_2,966.44,32.25,52.00,7.97,-13.24,1013.09,425.23,268.07,-198.22
position_2,966.42,32.24,52.12,-17.76,-34.42,1023.50,435.48,265.60,-194.16
position_2,966.46,32.23,51.66,10.57,-33.48,1003.72,418.78,264.90,-201.13
position_2,966.37,32.20,51.19,18.88,-29.31,1020.35,430.10,272.21,-195.11
position_2,966.44,32.06,50.35,-0.77,-23.67,1019.38,419.08,268.04,-181.84
position_2,966.44,32.08,50.93,-9.08,-21.10,1021.15,425.13,270.17,-196.91
position_2,966.46,32.05,51.34,4.95,-17.95,1007.95,426.13,266.95,-185.63
position_2,966.46,32.02,51.81,2.02,-10.20,1009.15,427.86,270.22,-191.72
position_2,966.43,31.80,50.94,1.70,-23.71,1023.91,426.03,271.64,-198.25
position_2,966.40,31.61,50.76,3.63,-34.00,1017.29,429.28,262.35,-185.48
position_2,966.44,31.79,50.81,20.95,-27.24,1002.44,420.11,267.98,-188.88
position_2,966.55,31.82,50.43,-1.45,-18.15,1013.80,433.03,259.23,-192.70
position_2,966.64,31.91,50.33,2.70,-29.44,1012.83,430.32,261.09,-195.27
position_2,966.51,31.78,50.80,11.17,-32.74,1009.34,421.70,265.44,-199.81
position_2,966.39,31.71,50.04,7.94,-39.93,1011.99,426.22,262.02,-191.78
position_2,966.25,31.71,50.03,-3.23,-16.99,1019.74,424.84,265.67,-201.69
position_2,966.48,31.89,50.65,-0.92,-36.06,1017.03,431.95,247.35,-185.84
position_2,966.42,32.02,50.68,-0.38,-33.11,1010.47,422.10,265.14,-194.02
position_2,966.43,31.82,51.05,-5.96,-44.11,1016.45,419.48,271.88,-194.57
position_2,966.54,31.89,51.20,-3.98,-25.51,1005.99,422.95,258.37,-188.57
position_2,966.48,31.68,51.29,3.96,-40.63,1010.15,414.43,251.03,-199.13
position_2,966.23,31.64,51.31,9.29,-33.16,1022.50,433.42,269.48,-186.36
position_2,966.44,31.86,51.11,-2.21,-28.45,1024.09,420.43,256.40,-198.99
position_2,966.31,31.91,51.25,-3.60,-27.82,1014.75,420.22,255.16,-190.59
position_2,966.38,31.84,51.29,-0.10,-24.31,1021.62,444.55,267.54,-211.31
position_2,966.31,31.77,50.80,-3.18,-22.22,1005.82,423.55,264.51,-204.76
position_2,966.19,31.64,50.56,-6.32,-25.83,1017.18,423.42,254.99,-210.37
position_2,966.24,31.85,49.88,0.79,-41.07,1012.67,431.25,256.11,-203.62
position_2,966.37,31.88,50.10,-6.90,-23.22,1011.85,421.16,267.59,-189.86
position_2,966.47,31.85,50.18,6.76,-25.56,1005.67,426.55,262.30,-209.49
position_2,966.49,31.89,50.03,10.13,-34.17,1020.22,426.06,256.24,-195.48
position_2,966.40,31.85,50.66,-0.34,-20.24,1006.66,430.35,260.22,-208.39
position_2,966.48,31.89,50.49,4.56,-39.95,1026.95,419.61,261.63,-201.01
position_2,966.42,31.87,50.23,-4.37,-23.42,1014.62,421.70,262.72,-207.69
position_2,966.51,31.92,49.30,6.36,-30.56,1007.69,429.11,253.53,-189.49
position_2,966.41,32.05,50.59,-9.60,-39.11,1013.62,418.18,266.38,-196.17
position_2,966.47,32.12,50.37,3.17,-19.54,1018.56,416.30,262.35,-211.02
position_2,966.57,32.24,49.47,-4.21,-32.56,1021.19,424.28,260.67,-205.83
position_2,966.41,32.11,49.86,-2.79,-34.41,1010.43,415.85,264.21,-210.75
position_2,966.44,32.33,49.88,-12.32,-42.78,1021.05,425.87,257.90,-206.56
position_2,966.56,32.17,50.48,-0.64,-36.60,1023.42,417.23,270.49,-200.65
position_2,966.46,31.92,50.15,12.17,-40.26,1019.23,414.74,254.39,-208.75
position_2,966.48,31.88,50.07,0.48,-28.69,1009.14,429.49,249.59,-199.36
position_2,966.46,32.09,50.15,-0.48,-38.39,1020.80,428.15,249.01,-200.51
position_2,966.52,32.33,50.29,3.63,-34.05,1016.95,419.80,253.81,-189.28
position_2,966.39,32.30,49.62,-5.89,-27.58,1014.23,435.88,245.31,-194.71
position_2,966.41,32.33,49.94,1.62,-36.37,1013.09,428.95,257.18,-190.00
position_2,966.35,32.30,49.72,-7.37,-37.46,1030.61,423.43,261.27,-202.51
position_2,966.45,32.18,51.06,3.97,-39.41,1011.50,424.87,248.94,-190.47
position_2,966.38,32.19,49.13,16.52,-29.47,1021.19,430.75,254.66,-204.19
position_2,966.24,32.27,49.29,-5.29,-32.46,1018.42,434.87,260.03,-187.43
